Date,Close,Open,High,Low,Vol.
2024-06-06,18250.0,18000.0,18350.0,17950.0,8357800.0
2024-06-05,18000.0,18050.0,18150.0,17950.0,4055200.0
2024-06-04,18050.0,18150.0,18200.0,18000.0,6423400.0
2024-06-03,18050.0,17750.0,18350.0,17700.0,12042300.0
2024-05-31,17650.0,17700.0,17800.0,17550.0,3886000.0
2024-05-30,17700.0,17700.0,17750.0,17500.0,6358400.0
2024-05-29,17700.0,17900.0,17900.0,17700.0,4679700.0
2024-05-28,17850.0,17800.0,17900.0,17700.0,4456600.0
2024-05-27,17700.0,17750.0,17900.0,17550.0,7460100.0
2024-05-24,17750.0,18000.0,18350.0,17600.0,15598300.0
2024-05-23,18300.0,18150.0,18300.0,18050.0,5960500.0
2024-05-22,18150.0,18400.0,18450.0,18100.0,6154000.0
2024-05-21,18350.0,18500.0,18500.0,18200.0,4448700.0
2024-05-20,18450.0,18400.0,18600.0,18400.0,14311500.0
2024-05-17,18400.0,18400.0,18650.0,18250.0,12133500.0
2024-05-16,18350.0,18200.0,18400.0,18000.0,9637600.0
2024-05-15,17950.0,18200.0,18200.0,17900.0,10493000.0
2024-05-14,18000.0,18050.0,18200.0,17900.0,6135800.0
2024-05-13,18000.0,18100.0,18350.0,17900.0,7692600.0
2024-05-10,18100.0,18200.0,18300.0,18000.0,8319000.0
2024-05-09,18150.0,17800.0,18400.0,17700.0,15535600.0
2024-05-08,17750.0,17700.0,17800.0,17550.0,4167200.0
2024-05-07,17750.0,17850.0,17850.0,17600.0,2573500.0
2024-05-06,17800.0,18200.0,18200.0,17600.0,4040000.0
2024-05-03,17500.0,17600.0,17900.0,16450.0,7860000.0
2024-05-02,16650.0,17900.0,17950.0,16650.0,1670000.0
2024-04-26,17900.0,17800.0,18000.0,17600.0,3090000.0
2024-04-25,17950.0,18000.0,18000.0,17700.0,4940000.0
2024-04-24,18000.0,17250.0,18000.0,17250.0,11890000.0
2024-04-23,17250.0,17500.0,17700.0,17150.0,6320000.0
2024-04-22,17750.0,16900.0,17750.0,16800.0,12630000.0
2024-04-19,16600.0,17000.0,17100.0,16400.0,8460000.0
2024-04-17,17000.0,17600.0,17750.0,16900.0,6200000.0
2024-04-16,17600.0,17500.0,17750.0,17000.0,16790000.0
2024-04-15,17500.0,18700.0,18700.0,17450.0,12290000.0
2024-04-12,18700.0,18350.0,18750.0,18250.0,10980000.0
2024-04-11,18350.0,18200.0,18350.0,18000.0,6870000.0
2024-04-10,18350.0,18600.0,18750.0,18350.0,4270000.0
2024-04-09,18600.0,18300.0,18600.0,18150.0,4450000.0
2024-04-08,18250.0,18200.0,18600.0,18100.0,11670000.0
2024-04-05,18200.0,18400.0,19650.0,18100.0,9630000.0
2024-04-04,18400.0,18500.0,18550.0,18300.0,11410000.0
2024-04-03,18500.0,18850.0,20150.0,17600.0,8199999.999999999
2024-04-02,18850.0,18750.0,18980.0,18300.0,10360000.0
2024-04-01,18750.0,19100.0,19100.0,17800.0,10020000.0
2024-03-29,19100.0,19150.0,19300.0,19000.0,5780000.0
2024-03-28,19100.0,19200.0,19500.0,19000.0,10130000.0
2024-03-27,19150.0,19200.0,19900.0,19000.0,4890000.0
2024-03-26,19150.0,19000.0,19200.0,18900.0,10840000.0
2024-03-25,19000.0,18750.0,19250.0,18700.0,17580000.0
2024-03-22,18700.0,18750.0,19900.0,18650.0,17630000.0
2024-03-21,18750.0,18800.0,18850.0,18500.0,9180000.0
2024-03-20,18600.0,18200.0,18750.0,17950.0,15980000.0
2024-03-19,18200.0,18300.0,18400.0,18200.0,4380000.0
2024-03-18,18300.0,19000.0,19000.0,17700.0,13700000.0
2024-03-15,18800.0,18700.0,19000.0,18450.0,9000000.0
2024-03-14,18750.0,19000.0,19050.0,18600.0,7670000.0
2024-03-13,19000.0,18500.0,19000.0,18450.0,7640000.0
2024-03-12,18500.0,18500.0,18700.0,18450.0,7980000.0
2024-03-11,18500.0,18550.0,18800.0,18400.0,11030000.0
2024-03-08,18600.0,19250.0,19300.0,18600.0,22060000.0
2024-03-07,19250.0,19350.0,19350.0,19150.0,9130000.0
2024-03-06,19250.0,19400.0,19650.0,19200.0,7470000.0
2024-03-05,19400.0,19600.0,19600.0,19300.0,12290000.0
2024-03-04,19600.0,19900.0,19950.0,19500.0,15040000.0
2024-03-01,19850.0,19850.0,19950.0,19550.0,14280000.0
2024-02-29,19850.0,20000.0,20250.0,19700.0,30160000.0
2024-02-28,20000.0,19250.0,20000.0,19100.0,25600000.0
2024-02-27,19150.0,19150.0,19300.0,18850.0,15270000.0
2024-02-26,19150.0,19050.0,19300.0,18950.0,8199999.999999999
2024-02-23,19200.0,19600.0,20100.0,19100.0,43600000.0
2024-02-22,19550.0,19500.0,19750.0,19200.0,15640000.0
2024-02-21,19500.0,18750.0,19500.0,18550.0,31790000.0
2024-02-20,18750.0,18750.0,18850.0,18650.0,9310000.0
2024-02-19,18800.0,18900.0,18950.0,18650.0,8780000.0
2024-02-16,18900.0,18900.0,19050.0,18800.0,14360000.0
2024-02-15,18850.0,18650.0,19150.0,18600.0,25900000.0
2024-02-07,18500.0,18100.0,18600.0,18100.0,14680000.0
2024-02-06,18100.0,18250.0,18350.0,18100.0,9960000.0
2024-02-05,18150.0,17500.0,18250.0,17500.0,18710000.0
2024-02-02,17500.0,17900.0,17950.0,17500.0,9170000.0
2024-02-01,17850.0,17850.0,18050.0,17800.0,5060000.0
2024-01-31,17850.0,18450.0,18450.0,17800.0,8860000.0
2024-01-30,18300.0,18150.0,18450.0,18150.0,7020000.0
2024-01-29,18150.0,18300.0,18400.0,18150.0,2950000.0
2024-01-26,18300.0,18200.0,18500.0,18150.0,3900000.0
2024-01-25,18150.0,18300.0,18300.0,18150.0,5630000.0
2024-01-24,18300.0,18550.0,18550.0,18250.0,9180000.0
2024-01-23,18600.0,18650.0,18800.0,18500.0,9420000.0
2024-01-22,18650.0,18600.0,18700.0,18450.0,8800000.0
2024-01-19,18600.0,18450.0,18650.0,18400.0,5650000.0
2024-01-18,18450.0,18350.0,18450.0,18200.0,5370000.0
2024-01-17,18350.0,18550.0,18700.0,18350.0,7450000.0
2024-01-16,18600.0,18200.0,18600.0,18200.0,9330000.0
2024-01-15,18300.0,18750.0,18800.0,18300.0,6960000.0
2024-01-12,18550.0,18350.0,18800.0,18150.0,18900000.0
2024-01-11,18500.0,18500.0,19000.0,18350.0,18110000.0
2024-01-10,18500.0,17800.0,18600.0,17750.0,24220000.0
2024-01-09,17750.0,18000.0,18050.0,17700.0,10500000.0
2024-01-08,17950.0,18200.0,18200.0,17800.0,10130000.0
2024-01-05,18000.0,17900.0,18150.0,17750.0,11020000.0
2024-01-04,17900.0,17500.0,18200.0,17400.0,30600000.0
2024-01-03,17450.0,17250.0,17450.0,17100.0,7150000.0
2024-01-02,17300.0,17450.0,17500.0,17250.0,6970000.0
2023-12-29,17400.0,17400.0,17450.0,17250.0,3050000.0
2023-12-28,17300.0,17300.0,17350.0,17150.0,3900000.0
2023-12-27,17350.0,17000.0,17350.0,17000.0,5360000.0
2023-12-26,17000.0,17100.0,17100.0,16950.0,2030000.0
2023-12-25,17050.0,16900.0,17100.0,16900.0,2550000.0
2023-12-22,16900.0,16900.0,16950.0,16750.0,2370000.0
2023-12-21,16900.0,16900.0,16900.0,16700.0,2100000.0
2023-12-20,16900.0,16900.0,17000.0,16850.0,2820000.0
2023-12-19,17000.0,16800.0,17000.0,16750.0,2430000.0
2023-12-18,16900.0,16900.0,17000.0,16750.0,3080000.0
2023-12-15,16950.0,17000.0,17050.0,16850.0,3380000.0
2023-12-14,16900.0,17100.0,17200.0,16850.0,3330000.0
2023-12-13,17000.0,17400.0,17400.0,17000.0,3330000.0
2023-12-12,17350.0,17400.0,17450.0,17250.0,2420000.0
2023-12-11,17350.0,17450.0,17550.0,17350.0,4330000.0
2023-12-08,17450.0,17500.0,17700.0,17400.0,4740000.0
2023-12-07,17550.0,17500.0,17600.0,17250.0,15080000.0
2023-12-06,17450.0,17100.0,17600.0,17050.0,14000000.0
2023-12-05,17050.0,17250.0,17250.0,17050.0,4490000.0
2023-12-04,17200.0,17150.0,17450.0,17100.0,11160000.0
2023-12-01,17100.0,17050.0,17150.0,16850.0,9190000.0
2023-11-30,17000.0,16750.0,17100.0,16750.0,8680000.0
2023-11-29,16850.0,16750.0,16950.0,16700.0,2470000.0
2023-11-28,16750.0,16650.0,16850.0,16500.0,2510000.0
2023-11-27,16650.0,16950.0,17000.0,16650.0,3110000.0
2023-11-24,17000.0,17050.0,17050.0,16750.0,3550000.0
2023-11-23,17000.0,17200.0,17400.0,17000.0,6950000.0
2023-11-22,17100.0,17050.0,17200.0,17000.0,2300000.0
2023-11-21,17050.0,17200.0,17400.0,17000.0,2620000.0
2023-11-20,17200.0,16700.0,17400.0,16650.0,4720000.0
2023-11-17,17000.0,17500.0,17650.0,16900.0,7430000.0
2023-11-16,17500.0,17600.0,17600.0,17250.0,5220000.0
2023-11-15,17700.0,17450.0,17900.0,17400.0,9710000.0
2023-11-14,17400.0,17500.0,17850.0,17250.0,12500000.0
2023-11-13,17250.0,17000.0,17250.0,16900.0,4230000.0
2023-11-10,17000.0,17000.0,17300.0,16900.0,5920000.0
2023-11-09,17100.0,17350.0,17450.0,17050.0,5480000.0
2023-11-08,17250.0,16550.0,17500.0,16500.0,8610000.0
2023-11-07,16550.0,16500.0,16750.0,16450.0,3710000.0
2023-11-06,16600.0,16450.0,16750.0,16200.0,4380000.0
2023-11-03,16050.0,16600.0,16650.0,16050.0,5740000.0
2023-11-02,16400.0,16050.0,16700.0,16050.0,7600000.0
2023-11-01,15800.0,15950.0,15950.0,15600.0,3180000.0
2023-10-31,15800.0,16100.0,16100.0,15800.0,2940000.0
2023-10-30,16000.0,16200.0,16350.0,16000.0,4290000.0
2023-10-27,16200.0,16000.0,16300.0,15900.0,2250000.0
2023-10-26,16000.0,16400.0,16600.0,15650.0,6940000.0
2023-10-25,16750.0,16800.0,16900.0,16600.0,4180000.0
2023-10-24,16800.0,16500.0,16850.0,16450.0,4260000.0
2023-10-23,16450.0,16500.0,16750.0,16350.0,4560000.0
2023-10-20,16500.0,16100.0,16550.0,16100.0,2690000.0
2023-10-19,16150.0,16250.0,16300.0,16050.0,2470000.0
2023-10-18,16250.0,16550.0,16600.0,15950.0,5440000.0
2023-10-17,16500.0,16800.0,16950.0,16500.0,3430000.0
2023-10-16,16800.0,17200.0,17200.0,16750.0,4720000.0
2023-10-13,17250.0,17000.0,17350.0,16950.0,7510000.0
2023-10-12,17200.0,16850.0,17200.0,16750.0,5220000.0
2023-10-11,16750.0,16800.0,16850.0,16650.0,3220000.0
2023-10-10,16750.0,17000.0,17000.0,16750.0,4290000.0
2023-10-09,16850.0,16800.0,17050.0,16700.0,4910000.0
2023-10-06,16800.0,16550.0,16850.0,16500.0,4440000.0
2023-10-05,16550.0,16900.0,16900.0,16500.0,3340000.0
2023-10-04,16600.0,16500.0,17000.0,16500.0,3540000.0
2023-10-03,16700.0,17400.0,17400.0,16700.0,7810000.0
2023-10-02,17500.0,17850.0,17900.0,17500.0,4170000.0
2023-09-29,17850.0,18050.0,18100.0,17800.0,3980000.0
2023-09-28,18050.0,17800.0,18100.0,17250.0,6390000.0
2023-09-27,17800.0,17700.0,17850.0,17400.0,5750000.0
2023-09-26,17700.0,18000.0,18250.0,17700.0,7200000.0
2023-09-25,18000.0,18550.0,18700.0,18000.0,6150000.0
2023-09-22,18550.0,18850.0,18950.0,18350.0,8920000.0
2023-09-21,19050.0,19500.0,19550.0,19050.0,5540000.0
2023-09-20,19500.0,18950.0,19600.0,18850.0,14280000.0
2023-09-19,19050.0,18800.0,19100.0,18750.0,6060000.0
2023-09-18,18950.0,19200.0,19200.0,18800.0,5310000.0
2023-09-15,19200.0,19200.0,19300.0,19050.0,4830000.0
2023-09-14,19000.0,19250.0,19500.0,19000.0,5650000.0
2023-09-13,19250.0,19250.0,19350.0,18950.0,5520000.0
2023-09-12,19200.0,18950.0,19200.0,18800.0,9030000.0
2023-09-11,18950.0,19500.0,19600.0,18900.0,10190000.0
2023-09-08,19400.0,19650.0,19700.0,19400.0,6020000.0
2023-09-07,19650.0,19800.0,20100.0,19550.0,16379999.999999998
2023-09-06,19750.0,19650.0,19750.0,19150.0,11950000.0
2023-09-05,19650.0,19700.0,19850.0,19600.0,9230000.0
2023-08-31,19600.0,19650.0,19700.0,19350.0,5940000.0
2023-08-30,19550.0,19000.0,19550.0,19000.0,21990000.0
2023-08-29,19000.0,19000.0,19100.0,18850.0,6940000.0
2023-08-28,19000.0,18950.0,19050.0,18800.0,7210000.0
2023-08-25,18850.0,18700.0,18850.0,18600.0,3740000.0
2023-08-24,18800.0,18500.0,18900.0,18350.0,10070000.0
2023-08-23,18500.0,18650.0,18650.0,18350.0,5560000.0
2023-08-22,18550.0,18400.0,18600.0,18200.0,4100000.0
2023-08-21,18500.0,18300.0,18600.0,18050.0,8199999.999999999
2023-08-18,18100.0,18750.0,18800.0,18000.0,10600000.0
2023-08-17,18850.0,19100.0,19150.0,18800.0,5850000.0
2023-08-16,19100.0,19000.0,19150.0,18800.0,8490000.0
2023-08-15,19000.0,18700.0,19150.0,18550.0,12070000.0
2023-08-14,18650.0,18650.0,18700.0,18500.0,5490000.0
2023-08-11,18650.0,18550.0,18650.0,18250.0,5340000.0
2023-08-10,18500.0,18850.0,18900.0,18450.0,5800000.0
2023-08-09,18850.0,19050.0,19100.0,18750.0,5500000.0
2023-08-08,19000.0,19400.0,19400.0,18950.0,6310000.0
2023-08-07,19300.0,19000.0,19450.0,18950.0,17750000.0
2023-08-04,18950.0,18600.0,19000.0,18450.0,12270000.0
2023-08-03,18450.0,18900.0,19000.0,18400.0,6910000.0
2023-08-02,18900.0,18750.0,19000.0,18700.0,6630000.0
2023-08-01,18800.0,18800.0,19250.0,18750.0,14480000.0
2023-07-31,18750.0,18650.0,18850.0,18600.0,5200000.0
2023-07-28,18700.0,18500.0,18800.0,18450.0,7180000.0
2023-07-27,18550.0,18800.0,18850.0,18400.0,6660000.0
2023-07-26,18800.0,19000.0,19000.0,18700.0,6630000.0
2023-07-25,19000.0,18650.0,19250.0,18600.0,13350000.0
2023-07-24,18650.0,18700.0,18800.0,18450.0,7040000.0
2023-07-21,18750.0,18700.0,18950.0,18600.0,9110000.0
2023-07-20,18800.0,18700.0,18800.0,18400.0,11170000.0
2023-07-19,18700.0,19000.0,19100.0,18650.0,9350000.0
2023-07-18,18950.0,18250.0,18950.0,18200.0,24800000.0
2023-07-17,18250.0,18150.0,18250.0,18100.0,4230000.0
2023-07-14,18150.0,18250.0,18300.0,18050.0,3860000.0
2023-07-13,18250.0,18200.0,18300.0,18100.0,4690000.0
2023-07-12,18150.0,18400.0,18400.0,18150.0,3900000.0
2023-07-11,18300.0,18300.0,18600.0,18200.0,8860000.0
2023-07-10,18200.0,18100.0,18250.0,18000.0,5890000.0
2023-07-07,18050.0,18050.0,18200.0,17950.0,4760000.0
2023-07-06,18200.0,18100.0,18200.0,18000.0,4460000.0
2023-07-05,18100.0,18200.0,18250.0,18100.0,3940000.0
2023-07-04,18150.0,18200.0,18250.0,18100.0,1810000.0
2023-07-03,18150.0,18250.0,18250.0,18050.0,2900000.0
2023-06-30,18000.0,18100.0,18150.0,18000.0,2640000.0
2023-06-29,18100.0,18500.0,18500.0,18100.0,3940000.0
2023-06-28,18450.0,18400.0,18450.0,18300.0,3330000.0
2023-06-27,18400.0,18450.0,18500.0,18250.0,2750000.0
2023-06-26,18450.0,18550.0,18650.0,18250.0,3350000.0
2023-06-23,18500.0,18450.0,18650.0,18350.0,6150000.0
2023-06-22,18400.0,18600.0,18750.0,18400.0,5290000.0
2023-06-21,18400.0,18300.0,18400.0,18250.0,4230000.0
2023-06-20,18250.0,18300.0,18350.0,18150.0,2290000.0
2023-06-19,18300.0,18250.0,18300.0,18100.0,1540000.0
2023-06-16,18200.0,18150.0,18400.0,18150.0,4860000.0
2023-06-15,18150.0,18200.0,18200.0,18050.0,2760000.0
2023-06-14,18150.0,18200.0,18450.0,18150.0,3720000.0
2023-06-13,18150.0,18500.0,18500.0,18150.0,3060000.0
2023-06-12,18400.0,18750.0,18750.0,18250.0,2670000.0
2023-06-09,18650.0,18700.0,19000.0,18500.0,7730000.0
2023-06-08,25600.0,26350.0,26350.0,25600.0,7730000.0
2023-06-07,26250.0,26000.0,26350.0,25750.0,9310000.0
2023-06-06,25800.0,26100.0,26350.0,25550.0,10020000.0
2023-06-05,26100.0,27500.0,27500.0,26000.0,9600000.0
2023-06-02,26300.0,25750.0,26850.0,25750.0,12080000.0
2023-06-01,26150.0,25300.0,26150.0,25000.0,13570000.0
2023-05-31,25000.0,24450.0,25200.0,24250.0,11090000.0
2023-05-30,24100.0,24550.0,24550.0,23900.0,2890000.0
2023-05-29,24300.0,23950.0,24450.0,23700.0,6810000.0
2023-05-26,23650.0,23700.0,23700.0,23400.0,1360000.0
2023-05-25,23400.0,23600.0,23700.0,23300.0,987500.0
2023-05-24,23500.0,23900.0,23950.0,23500.0,1900000.0
2023-05-23,23700.0,23700.0,24100.0,23700.0,4100000.0
2023-05-22,23800.0,23850.0,24000.0,23500.0,4990000.0
2023-05-19,23450.0,23600.0,23600.0,23200.0,1120000.0
2023-05-18,23400.0,23300.0,23700.0,23300.0,1270000.0
2023-05-17,23250.0,23900.0,23950.0,23250.0,1960000.0
2023-05-16,23850.0,23900.0,23950.0,23600.0,1730000.0
2023-05-15,23900.0,23600.0,24200.0,23500.0,10100000.0
2023-05-12,23550.0,23650.0,23650.0,23350.0,1790000.0
2023-05-11,23600.0,23800.0,23850.0,23400.0,1380000.0
2023-05-10,23750.0,23600.0,23900.0,23300.0,4230000.0
2023-05-09,23550.0,23250.0,23700.0,23250.0,3220000.0
2023-05-08,23250.0,23300.0,23550.0,23050.0,2830000.0
2023-05-05,23350.0,23500.0,23700.0,23050.0,2080000.0
2023-05-04,23600.0,23800.0,23800.0,23450.0,1870000.0
2023-04-28,23800.0,23050.0,23800.0,23000.0,8039999.999999999
2023-04-27,23050.0,23100.0,23250.0,22950.0,1870000.0
2023-04-26,23000.0,22650.0,23150.0,22500.0,4380000.0
2023-04-25,22750.0,22850.0,22900.0,22600.0,1390000.0
2023-04-24,22850.0,22500.0,23050.0,22500.0,4770000.0
2023-04-21,22550.0,22400.0,23050.0,22400.0,2600000.0
2023-04-20,22400.0,22350.0,22600.0,22250.0,951600.0
2023-04-19,22350.0,22800.0,23000.0,22350.0,1860000.0
2023-04-18,22800.0,22800.0,23300.0,22600.0,1700000.0
2023-04-17,23000.0,23200.0,23200.0,22800.0,1630000.0
2023-04-14,23200.0,23200.0,23800.0,23200.0,7240000.0
2023-04-13,23200.0,23400.0,23400.0,23100.0,2530000.0
2023-04-12,23100.0,23100.0,23300.0,22900.0,3840000.0
2023-04-11,23100.0,22950.0,23250.0,22650.0,2700000.0
2023-04-10,23100.0,23300.0,23500.0,22800.0,7620000.0
2023-04-07,23100.0,22900.0,23300.0,22850.0,4470000.0
2023-04-06,23100.0,22700.0,23350.0,22600.0,10310000.0
2023-04-05,22700.0,22650.0,22750.0,22300.0,5450000.0
2023-04-04,22600.0,22900.0,22900.0,22450.0,3620000.0
2023-04-03,22750.0,22500.0,22800.0,22250.0,8220000.000000001
2023-03-31,22200.0,22100.0,22300.0,22100.0,2390000.0
2023-03-30,22150.0,22000.0,22200.0,21900.0,2720000.0
2023-03-29,21900.0,22000.0,22000.0,21750.0,1440000.0
2023-03-28,21850.0,22000.0,22200.0,21850.0,2010000.0
2023-03-27,21900.0,22050.0,22250.0,21900.0,2420000.0
2023-03-24,22000.0,22050.0,22200.0,21900.0,2490000.0
2023-03-23,22050.0,21800.0,22150.0,21700.0,2590000.0
2023-03-22,21800.0,21700.0,22150.0,21700.0,3280000.0
2023-03-21,21600.0,21800.0,21950.0,21450.0,2210000.0
2023-03-20,21600.0,22800.0,22800.0,21600.0,3890000.0
2023-03-17,22800.0,22214.0,22980.0,22214.0,10700000.0
2023-03-16,22214.0,22124.0,22440.0,21944.0,3010000.0
2023-03-15,22214.0,22169.0,22620.0,21899.0,9040000.0
2023-03-14,21809.0,22034.0,22034.0,21493.0,6720000.0
2023-03-13,21899.0,21358.0,22169.0,21313.0,6640000.0
2023-03-10,21628.0,21809.0,22034.0,21538.0,2710000.0
2023-03-09,22079.0,21628.0,22124.0,21538.0,7710000.0
2023-03-08,21583.0,21088.0,21628.0,20998.0,5410000.0
2023-03-07,21178.0,21358.0,21448.0,21088.0,1780000.0
2023-03-06,21133.0,21268.0,21583.0,21133.0,2320000.0
2023-03-03,21088.0,21448.0,21674.0,21088.0,2870000.0
2023-03-02,21448.0,21628.0,21809.0,21448.0,2700000.0
2023-03-01,21628.0,20953.0,21719.0,20817.0,4260000.0
2023-02-28,20998.0,21088.0,21268.0,20998.0,2090000.0
2023-02-27,20953.0,20998.0,21268.0,20772.0,3120000.0
2023-02-24,21178.0,21628.0,21809.0,21178.0,2350000.0
2023-02-23,21628.0,21358.0,21628.0,20998.0,4540000.0
2023-02-22,21223.0,22079.0,22169.0,21223.0,4050000.0
2023-02-21,22349.0,22259.0,22620.0,21899.0,11400000.0
2023-02-20,22169.0,21493.0,22169.0,21448.0,8700000.0
2023-02-17,21493.0,21719.0,21719.0,21358.0,4450000.0
2023-02-16,21628.0,21538.0,21628.0,21313.0,3650000.0
2023-02-15,21448.0,21223.0,21944.0,21133.0,6780000.0
2023-02-14,21178.0,21088.0,21268.0,20998.0,2690000.0
2023-02-13,20727.0,21223.0,21358.0,20502.0,4330000.0
2023-02-10,21223.0,21854.0,22079.0,21223.0,4090000.0
2023-02-09,21854.0,22079.0,22665.0,21854.0,10390000.0
2023-02-08,22169.0,22440.0,22440.0,21989.0,6010000.0
2023-02-07,21989.0,21809.0,22485.0,21674.0,17620000.0
2023-02-06,21719.0,21448.0,21809.0,21403.0,4560000.0
2023-02-03,21628.0,21628.0,21628.0,21223.0,5940000.0
2023-02-02,21538.0,21448.0,21719.0,21178.0,8029999.999999999
2023-02-01,21358.0,22530.0,22890.0,20998.0,14500000.0
2023-01-31,22530.0,21583.0,22530.0,21133.0,16660000.0
2023-01-30,21538.0,22079.0,22079.0,21448.0,8369999.999999999
2023-01-27,22079.0,21899.0,22349.0,21628.0,12820000.0
2023-01-19,21628.0,21088.0,21764.0,20953.0,13450000.0
2023-01-18,21268.0,20772.0,21448.0,20772.0,10090000.0
2023-01-17,20727.0,20006.0,20727.0,19916.0,13160000.0
2023-01-16,19826.0,20187.0,20277.0,19826.0,2960000.0
2023-01-13,20187.0,20277.0,20322.0,20006.0,4920000.0
2023-01-12,20187.0,20367.0,20367.0,20051.0,2070000.0
2023-01-11,20232.0,20187.0,20592.0,20142.0,5230000.0
2023-01-10,20277.0,20547.0,20547.0,20096.0,2900000.0
2023-01-09,20277.0,20322.0,20682.0,20096.0,4160000.0
2023-01-06,20277.0,20322.0,20817.0,20096.0,5810000.0
2023-01-05,20322.0,19826.0,20547.0,19691.0,7500000.0
2023-01-04,19826.0,19961.0,20142.0,19511.0,4380000.0
2023-01-03,19736.0,18970.0,19736.0,18970.0,2330000.0
2022-12-30,18970.0,19421.0,19421.0,18970.0,3250000.0
2022-12-29,19285.0,19375.0,19421.0,19105.0,3160000.0
2022-12-28,19285.0,18970.0,19330.0,18609.0,2830000.0
2022-12-27,18970.0,18519.0,19195.0,18519.0,2800000.0
2022-12-26,18925.0,19691.0,19916.0,18564.0,3120000.0
2022-12-23,19826.0,20187.0,20187.0,19691.0,2280000.0
2022-12-22,20142.0,19736.0,20277.0,19466.0,6220000.0
2022-12-21,19466.0,20051.0,20187.0,19330.0,3510000.0
2022-12-20,19826.0,20232.0,20232.0,19150.0,9970000.0
2022-12-19,20277.0,20682.0,20998.0,20277.0,7140000.0
2022-12-16,20727.0,20502.0,21223.0,20277.0,4770000.0
2022-12-15,20727.0,20412.0,21268.0,20277.0,13100000.0
2022-12-14,20547.0,21088.0,21088.0,20367.0,5660000.0
2022-12-13,20727.0,20367.0,20727.0,20277.0,9690000.0
2022-12-12,20637.0,20502.0,20908.0,20096.0,14480000.0
2022-12-09,20277.0,20006.0,20727.0,19646.0,13270000.0
2022-12-08,19826.0,19240.0,20187.0,18745.0,20800000.0
2022-12-07,18880.0,19375.0,19646.0,18700.0,8890000.0
2022-12-06,19466.0,20727.0,20862.0,19466.0,11610000.0
2022-12-05,20862.0,20908.0,21628.0,20682.0,16149999.999999998
2022-12-02,20547.0,19375.0,20547.0,19105.0,8250000.0
2022-12-01,19646.0,20142.0,20502.0,19466.0,15160000.0
2022-11-30,19826.0,19556.0,20277.0,18790.0,12990000.0
2022-11-29,19375.0,19195.0,19466.0,18655.0,9290000.0
2022-11-28,18925.0,18474.0,19195.0,18069.0,12700000.0
2022-11-25,18294.0,18204.0,18339.0,17798.0,3040000.0
2022-11-24,18024.0,18114.0,18249.0,17303.0,4810000.0
2022-11-23,18024.0,18339.0,18745.0,17934.0,2890000.0
2022-11-22,18609.0,18474.0,19105.0,18159.0,5490000.0
2022-11-21,18564.0,18655.0,18655.0,18024.0,3200000.0
2022-11-18,18564.0,18564.0,18835.0,18159.0,2040000.0
2022-11-17,18790.0,19195.0,19375.0,18429.0,5230000.0
2022-11-16,18790.0,16897.0,18925.0,16762.0,5540000.0
2022-11-15,17934.0,17483.0,17934.0,16537.0,5350000.0
2022-11-14,17753.0,17573.0,17798.0,17168.0,3210000.0
2022-11-11,17934.0,18474.0,18474.0,17303.0,3740000.0
2022-11-10,17934.0,18069.0,18114.0,17123.0,2990000.0
2022-11-09,18204.0,18655.0,18925.0,18114.0,2800000.0
2022-11-08,18474.0,17753.0,18655.0,17573.0,4240000.0
2022-11-07,18114.0,19330.0,19330.0,18024.0,2520000.0
2022-11-04,19195.0,18925.0,19195.0,17843.0,7370000.0
2022-11-03,19150.0,19240.0,19916.0,18790.0,3800000.0
2022-11-02,19421.0,19646.0,20277.0,19421.0,4000000.0
2022-11-01,19646.0,18925.0,19916.0,18835.0,5880000.0
2022-10-31,18655.0,18925.0,18925.0,18294.0,2830000.0
2022-10-28,18790.0,19105.0,19375.0,18609.0,2780000.0
2022-10-27,18925.0,17979.0,18925.0,17889.0,4340000.0
2022-10-26,18024.0,18204.0,18429.0,17843.0,1130000.0
2022-10-25,18159.0,17753.0,18609.0,17393.0,3230000.0
2022-10-24,18159.0,18114.0,18159.0,16852.0,3260000.0
2022-10-21,18114.0,18564.0,18745.0,17438.0,2780000.0
2022-10-20,18564.0,18294.0,18609.0,18024.0,1710000.0
2022-10-19,18519.0,18655.0,18655.0,18069.0,1720000.0
2022-10-18,18564.0,18655.0,18880.0,18384.0,2520000.0
2022-10-17,18564.0,18114.0,18564.0,17483.0,4160000.0
2022-10-14,18564.0,18880.0,18970.0,18294.0,2180000.0
2022-10-13,18564.0,18474.0,18564.0,17753.0,3780000.0
2022-10-12,18474.0,16492.0,18474.0,16492.0,4640000.0
2022-10-11,17438.0,17438.0,18024.0,17438.0,9000000.0
2022-10-10,18745.0,18745.0,19556.0,18745.0,2390000.0
2022-10-07,20142.0,20772.0,20862.0,20142.0,2060000.0
2022-10-06,21628.0,21538.0,21809.0,20727.0,3200000.0
2022-10-05,21628.0,21628.0,21764.0,21403.0,1210000.0
2022-10-04,21448.0,21538.0,21989.0,21403.0,958200.0
2022-10-03,21493.0,22620.0,22620.0,21088.0,1600000.0
2022-09-30,22530.0,22079.0,22620.0,21583.0,2070000.0
2022-09-29,22259.0,22259.0,22530.0,21809.0,983500.0
2022-09-28,22214.0,21854.0,22304.0,21178.0,1530000.0
2022-09-27,22440.0,22349.0,22440.0,21628.0,1140000.0
2022-09-26,22440.0,22259.0,22440.0,21358.0,1900000.0
2022-09-23,22575.0,22845.0,22890.0,22530.0,1060000.0
2022-09-22,22845.0,22530.0,22845.0,22349.0,604500.0
2022-09-21,22755.0,22530.0,22890.0,22530.0,675800.0
2022-09-20,22890.0,22890.0,22890.0,22440.0,890600.0
2022-09-19,22530.0,23701.0,23701.0,22259.0,1440000.0
2022-09-16,23701.0,23881.0,24197.0,23701.0,865600.0
2022-09-15,23926.0,24017.0,24647.0,23881.0,797400.0
2022-09-14,23926.0,23881.0,24152.0,23656.0,953000.0
2022-09-13,24197.0,24422.0,24422.0,24107.0,769200.0
2022-09-12,24287.0,24332.0,24422.0,24152.0,822500.0
2022-09-09,24332.0,24602.0,24602.0,23972.0,935700.0
2022-09-08,24242.0,24647.0,24692.0,24242.0,1410000.0
2022-09-07,24602.0,25053.0,25143.0,24602.0,1750000.0
2022-09-06,25233.0,25368.0,25368.0,24918.0,1350000.0
2022-09-05,25233.0,25684.0,25684.0,25008.0,1830000.0
2022-08-31,25233.0,25143.0,25368.0,24828.0,585300.0
2022-08-30,25143.0,25233.0,25413.0,24963.0,821500.0
2022-08-29,24963.0,25233.0,25323.0,24422.0,2030000.0
2022-08-26,25594.0,25999.0,26044.0,25549.0,1360000.0
2022-08-25,25954.0,25639.0,26044.0,25368.0,1690000.0
2022-08-24,25323.0,25233.0,25459.0,25188.0,1180000.0
2022-08-23,25233.0,24783.0,25233.0,24783.0,1230000.0
2022-08-22,25143.0,25459.0,25504.0,25008.0,1460000.0
2022-08-19,25594.0,25954.0,25954.0,25504.0,1460000.0
2022-08-18,25864.0,25864.0,25954.0,25504.0,2090000.0
2022-08-17,25864.0,25999.0,26089.0,25864.0,1320000.0
2022-08-16,25999.0,26134.0,26179.0,25909.0,1400000.0
2022-08-15,26089.0,26089.0,26405.0,25864.0,3270000.0
2022-08-12,25774.0,25819.0,25819.0,25549.0,1010000.0
2022-08-11,25684.0,25819.0,26225.0,25459.0,2560000.0
2022-08-10,25504.0,25864.0,25864.0,25459.0,1900000.0
2022-08-09,25774.0,26089.0,26089.0,25594.0,2330000.0
2022-08-08,25729.0,25909.0,26270.0,25549.0,2290000.0
2022-08-05,25954.0,26044.0,26315.0,25684.0,1920000.0
2022-08-04,25954.0,25684.0,26315.0,25459.0,5310000.0
2022-08-03,25233.0,24783.0,25323.0,24602.0,2570000.0
2022-08-02,24918.0,24602.0,25053.0,24602.0,2300000.0
2022-08-01,24557.0,24422.0,24738.0,24377.0,1940000.0
2022-07-29,23972.0,24873.0,24873.0,23972.0,3020000.0
2022-07-28,24512.0,24377.0,25053.0,24377.0,2370000.0
2022-07-27,24287.0,24332.0,24422.0,23881.0,1620000.0
2022-07-26,24332.0,24783.0,24873.0,24332.0,1260000.0
2022-07-25,24692.0,24828.0,25143.0,24602.0,1370000.0
2022-07-22,25278.0,25504.0,25819.0,25188.0,2450000.0
2022-07-21,25504.0,25729.0,25819.0,25278.0,2610000.0
2022-07-20,25639.0,24783.0,25684.0,24512.0,3080000.0
2022-07-19,24467.0,24602.0,24602.0,24107.0,807800.0
2022-07-18,24557.0,24647.0,24783.0,24467.0,1340000.0
2022-07-15,24422.0,24332.0,24783.0,24332.0,1420000.0
2022-07-14,24242.0,23926.0,24377.0,23881.0,678000.0
2022-07-13,24017.0,24062.0,24783.0,23476.0,1520000.0
2022-07-12,24062.0,23476.0,24107.0,23476.0,629500.0
2022-07-11,23431.0,24332.0,24422.0,23431.0,1300000.0
2022-07-08,24422.0,24783.0,25098.0,24332.0,1150000.0
2022-07-07,24738.0,24062.0,24918.0,24062.0,1470000.0
2022-07-06,24287.0,24602.0,25053.0,23791.0,1500000.0
2022-07-05,24783.0,24783.0,25188.0,24377.0,2310000.0
2022-07-04,24602.0,24602.0,25053.0,24512.0,575300.0
2022-07-01,24602.0,24467.0,24873.0,23791.0,898800.0
2022-06-30,24467.0,24512.0,25233.0,24467.0,1760000.0
2022-06-29,24692.0,24422.0,25504.0,24422.0,1930000.0
2022-06-28,24873.0,24692.0,25233.0,24287.0,2060000.0
2022-06-27,24062.0,23431.0,24467.0,23431.0,1950000.0
2022-06-24,23431.0,23881.0,24017.0,23431.0,906300.0
2022-06-23,23881.0,23611.0,23881.0,23160.0,1840000.0
2022-06-22,23611.0,23115.0,23881.0,23115.0,1670000.0
2022-06-21,23115.0,22485.0,23611.0,22485.0,3070000.0
2022-06-20,22575.0,22935.0,23566.0,22575.0,3690000.0
2022-06-17,22980.0,23431.0,23791.0,22530.0,3210000.0
2022-06-16,24152.0,24062.0,24512.0,23656.0,2920000.0
2022-06-15,23926.0,23881.0,24062.0,22349.0,3490000.0
2022-06-14,23881.0,24783.0,24783.0,23431.0,4020000.0
2022-06-13,24918.0,26315.0,26315.0,24918.0,3790000.0
2022-06-10,26765.0,26945.0,27576.0,26765.0,1370000.0
2022-06-09,27081.0,27261.0,27351.0,27036.0,1930000.0
2022-06-08,27261.0,26765.0,27937.0,26765.0,3550000.0
2022-06-07,26675.0,27666.0,27666.0,26585.0,2130000.0
2022-06-06,27666.0,28658.0,28703.0,27306.0,2790000.0
2022-06-03,28703.0,28613.0,28838.0,28117.0,1210000.0
2022-06-02,28838.0,28838.0,28838.0,28117.0,3020000.0
2022-06-01,28838.0,28973.0,29469.0,28387.0,1730000.0
2022-05-31,29153.0,29739.0,29784.0,29153.0,2720000.0
2022-05-30,29739.0,29198.0,29829.0,28973.0,5400000.0
2022-05-27,29108.0,28477.0,29559.0,28387.0,4880000.0
2022-05-26,28477.0,28748.0,28793.0,28342.0,1310000.0
2022-05-25,28748.0,27892.0,28838.0,27847.0,4540000.0
2022-05-24,27847.0,27216.0,27892.0,27216.0,1670000.0
2022-05-23,27036.0,28748.0,28928.0,26945.0,2560000.0
2022-05-20,28297.0,28748.0,29018.0,28117.0,2100000.0
2022-05-19,28072.0,28342.0,28973.0,27711.0,1960000.0
2022-05-18,29018.0,29829.0,30730.0,29018.0,3950000.0
2022-05-17,29739.0,27937.0,29784.0,27486.0,3920000.0
2022-05-16,27937.0,27937.0,28477.0,27216.0,2420000.0
2022-05-13,27036.0,28838.0,28838.0,26495.0,3560000.0
2022-05-12,28477.0,29739.0,30009.0,28072.0,2320000.0
2022-05-11,30145.0,30009.0,30145.0,28658.0,3610000.0
2022-05-10,30009.0,27937.0,30280.0,27486.0,5930000.0
2022-05-09,28477.0,29559.0,30505.0,28297.0,2200000.0
2022-05-06,30280.0,30280.0,31046.0,29964.0,2050000.0
2022-05-05,30821.0,29289.0,30821.0,29289.0,7810000.0
2022-05-04,28838.0,30280.0,30370.0,28838.0,1640000.0
2022-04-29,30280.0,30280.0,31046.0,29919.0,3020000.0
2022-04-28,30280.0,31451.0,31451.0,30280.0,1820000.0
2022-04-27,31361.0,31496.0,31542.0,30145.0,2240000.0
2022-04-26,31496.0,30640.0,31587.0,29198.0,3800000.0
2022-04-25,31091.0,31812.0,32172.0,29514.0,3410000.0
2022-04-22,31722.0,31587.0,32443.0,31361.0,2540000.0
2022-04-21,31361.0,32082.0,32713.0,30730.0,3720000.0
2022-04-20,31992.0,33164.0,33434.0,31992.0,3760000.0
2022-04-19,32623.0,34155.0,34335.0,32623.0,1930000.0
2022-04-18,34155.0,34065.0,34515.0,33344.0,3140000.0
2022-04-15,33659.0,35236.0,35417.0,33659.0,5120000.0
2022-04-14,35191.0,36047.0,36047.0,35146.0,2540000.0
2022-04-13,36047.0,34831.0,36228.0,34290.0,5940000.0
2022-04-12,34290.0,36318.0,36453.0,34290.0,3020000.0
2022-04-08,36228.0,36859.0,37129.0,36228.0,3490000.0
2022-04-07,36949.0,37264.0,37579.0,36678.0,8700000.0
2022-04-06,37084.0,36678.0,37309.0,36228.0,6700000.0
2022-04-05,36768.0,36949.0,37444.0,36678.0,4680000.0
2022-04-04,37174.0,37579.0,37670.0,37039.0,6600000.0
2022-04-01,37174.0,36183.0,37444.0,36047.0,11120000.0
2022-03-31,36183.0,36318.0,36768.0,36138.0,2430000.0
2022-03-30,36047.0,36318.0,36904.0,35867.0,5350000.0
2022-03-29,36318.0,35552.0,36498.0,35552.0,4910000.0
2022-03-28,35552.0,35912.0,36228.0,35011.0,2990000.0
2022-03-25,35957.0,36588.0,36588.0,35957.0,2190000.0
2022-03-24,36138.0,36092.0,36273.0,35867.0,2950000.0
2022-03-23,36092.0,36498.0,36994.0,36047.0,4210000.0
2022-03-22,36498.0,35957.0,36859.0,35912.0,6370000.0
2022-03-21,35957.0,35642.0,36318.0,35642.0,3850000.0
2022-03-18,35597.0,35957.0,36047.0,35552.0,1620000.0
2022-03-17,35687.0,36092.0,36408.0,35687.0,3130000.0
2022-03-16,35822.0,36002.0,36408.0,35732.0,2940000.0
2022-03-15,35957.0,35326.0,36318.0,35236.0,8710000.0
2022-03-14,35326.0,34696.0,35597.0,34696.0,2160000.0
2022-03-11,34831.0,34876.0,35597.0,34741.0,2510000.0
2022-03-10,35146.0,35867.0,35867.0,35101.0,2040000.0
2022-03-09,34966.0,35011.0,35462.0,34966.0,2650000.0
2022-03-08,34966.0,34966.0,36047.0,34560.0,5090000.0
2022-03-07,35146.0,36408.0,36453.0,34696.0,10010000.0
2022-03-04,36723.0,37039.0,37625.0,36498.0,5110000.0
2022-03-03,37399.0,37489.0,38075.0,37039.0,4590000.0
2022-03-02,37354.0,38255.0,39021.0,37039.0,8270000.0
2022-03-01,38571.0,38030.0,38931.0,37760.0,11880000.0
2022-02-28,38075.0,37670.0,38300.0,36949.0,5550000.0
2022-02-25,37805.0,37579.0,38526.0,37219.0,10800000.0
2022-02-24,37174.0,37850.0,38210.0,36318.0,4960000.0
2022-02-23,38391.0,37399.0,38931.0,37354.0,16079999.999999998
2022-02-22,37399.0,36543.0,37399.0,36408.0,8310000.000000001
2022-02-21,36859.0,36498.0,36859.0,36138.0,3920000.0
2022-02-18,36768.0,36498.0,37129.0,36498.0,3760000.0
2022-02-17,37084.0,36408.0,37084.0,36318.0,3080000.0
2022-02-16,36408.0,36904.0,37039.0,36363.0,2880000.0
2022-02-15,36723.0,36949.0,36994.0,36228.0,3150000.0
2022-02-14,36047.0,37850.0,38616.0,36047.0,7410000.0
2022-02-11,38616.0,36949.0,38706.0,36768.0,15980000.0
2022-02-10,37129.0,37670.0,37670.0,36768.0,3950000.0
2022-02-09,37399.0,37760.0,38165.0,37309.0,5320000.0
2022-02-08,37850.0,37715.0,38210.0,37219.0,5780000.0
2022-02-07,37579.0,38120.0,38391.0,37219.0,5810000.0
2022-01-28,37805.0,36183.0,38120.0,36047.0,15530000.0
2022-01-27,36228.0,35507.0,36498.0,35326.0,7260000.0
2022-01-26,35326.0,36047.0,36543.0,35326.0,10950000.0
2022-01-25,35822.0,33975.0,36047.0,33975.0,8960000.0
2022-01-24,34020.0,36047.0,36498.0,33524.0,6820000.0
2022-01-21,36047.0,35732.0,36949.0,35732.0,8230000.0
2022-01-20,35687.0,35417.0,36363.0,35372.0,7430000.0
2022-01-19,35417.0,34786.0,36318.0,34786.0,6650000.0
2022-01-18,35056.0,35687.0,36273.0,34921.0,9950000.0
2022-01-17,36228.0,37489.0,38030.0,36228.0,9070000.0
2022-01-14,37760.0,37579.0,38345.0,37489.0,5570000.0
2022-01-13,37985.0,39021.0,39652.0,37940.0,17620000.0
2022-01-12,38751.0,36228.0,38751.0,36047.0,18620000.0
2022-01-11,36228.0,36408.0,37399.0,36047.0,4830000.0
2022-01-10,36453.0,36949.0,37805.0,36453.0,4220000.0
2022-01-07,36949.0,37715.0,38210.0,36949.0,4150000.000000001
2022-01-06,37850.0,37219.0,38751.0,37219.0,5190000.0
2022-01-05,37850.0,38300.0,38526.0,37760.0,3830000.0
2022-01-04,38526.0,37399.0,38976.0,37219.0,11030000.0
2021-12-31,36994.0,36949.0,38165.0,36949.0,3730000.0
2021-12-30,36723.0,37084.0,37309.0,36543.0,3230000.0
2021-12-29,37264.0,37895.0,38255.0,37084.0,5370000.0
2021-12-28,37895.0,36498.0,38030.0,36047.0,8590000.0
2021-12-27,36723.0,35687.0,37489.0,35326.0,9040000.0
2021-12-24,35372.0,32983.0,35372.0,32848.0,7860000.0
2021-12-23,33074.0,34245.0,34786.0,32172.0,4600000.0
2021-12-22,34245.0,34696.0,35597.0,34155.0,5930000.0
2021-12-21,34966.0,35597.0,35687.0,34696.0,3630000.0
2021-12-20,35867.0,35146.0,36047.0,34876.0,8240000.0
2021-12-17,34245.0,34312.0,34379.0,33644.0,5890000.0
2021-12-16,34178.0,35180.0,35180.0,34178.0,5420000.0
2021-12-15,34712.0,33778.0,35180.0,33311.0,6210000.0
2021-12-14,33711.0,33377.0,34245.0,33043.0,3160000.0
2021-12-13,33711.0,34712.0,34979.0,33377.0,6320000.0
2021-12-10,34712.0,34178.0,35714.0,33911.0,11040000.0
2021-12-09,34178.0,34112.0,34712.0,33644.0,3430000.0
2021-12-08,34112.0,32109.0,34112.0,32109.0,12400000.0
2021-12-07,31909.0,31642.0,32376.0,31074.0,3050000.0
2021-12-06,31375.0,31108.0,31909.0,30040.0,5820000.0
2021-12-03,31375.0,32643.0,32710.0,31375.0,4890000.0
2021-12-02,32309.0,32076.0,33311.0,32076.0,7770000.0
2021-12-01,32209.0,30040.0,32209.0,29906.0,7400000.0
2021-11-30,30106.0,31975.0,31975.0,29706.0,8530000.0
2021-11-29,31508.0,31041.0,32042.0,31041.0,3250000.0
2021-11-26,31708.0,32776.0,32843.0,31708.0,4480000.0
2021-11-25,32843.0,33043.0,33043.0,32142.0,5810000.0
2021-11-24,32776.0,32509.0,33277.0,31842.0,9860000.0
2021-11-23,32509.0,31708.0,32509.0,31041.0,10470000.0
2021-11-22,31041.0,29372.0,31041.0,29038.0,13820000.0
2021-11-19,29038.0,28638.0,29706.0,28604.0,4260000.0
2021-11-18,28671.0,28805.0,28905.0,28671.0,2980000.0
2021-11-17,28871.0,29372.0,29372.0,28838.0,2120000.0
2021-11-16,29172.0,29372.0,29506.0,29172.0,3420000.0
2021-11-15,29339.0,29506.0,29506.0,29038.0,3380000.0
2021-11-12,29038.0,28771.0,29238.0,28504.0,1870000.0
2021-11-11,28704.0,29372.0,29439.0,28571.0,3260000.0
2021-11-10,29372.0,28838.0,29372.0,28738.0,2520000.0
2021-11-09,28971.0,29372.0,29372.0,28838.0,3170000.0
2021-11-08,29238.0,29272.0,29405.0,29172.0,6150000.0
2021-11-05,29038.0,29439.0,29472.0,28838.0,3890000.0
2021-11-04,29205.0,29506.0,29539.0,29138.0,2700000.0
2021-11-03,29506.0,29238.0,29806.0,29172.0,6610000.0
2021-11-02,29238.0,29038.0,29506.0,28971.0,6430000.0
2021-11-01,28971.0,29939.0,29939.0,28638.0,4280000.0
2021-10-29,29939.0,29639.0,30006.0,29339.0,6530000.0
2021-10-28,29639.0,29038.0,29706.0,29038.0,7250000.0
2021-10-27,28905.0,28671.0,29038.0,28371.0,2380000.0
2021-10-26,28371.0,27970.0,28404.0,27837.0,2850000.0
2021-10-25,28037.0,28838.0,28971.0,28037.0,4910000.0
2021-10-22,28838.0,29205.0,29372.0,28771.0,3520000.0
2021-10-21,29172.0,29339.0,29672.0,29172.0,4750000.0
2021-10-20,29439.0,29706.0,29706.0,29105.0,4660000.0
2021-10-19,29305.0,29305.0,29539.0,28905.0,2370000.0
2021-10-18,29372.0,29238.0,29572.0,29138.0,7260000.0
2021-10-15,29072.0,28437.0,29172.0,28404.0,10990000.0
2021-10-14,28237.0,28170.0,28471.0,28037.0,4770000.0
2021-10-13,28304.0,28371.0,28571.0,28237.0,3120000.0
2021-10-12,28504.0,28838.0,28905.0,28504.0,2520000.0
2021-10-11,28771.0,28104.0,28771.0,28070.0,6700000.0
2021-10-08,28137.0,28504.0,28504.0,27903.0,4230000.0
2021-10-07,28037.0,28337.0,28337.0,27903.0,6320000.0
2021-10-06,28237.0,28371.0,28805.0,27970.0,11340000.0
2021-10-05,28371.0,28237.0,28437.0,27770.0,12540000.0
2021-10-04,28037.0,28571.0,28638.0,27703.0,17860000.0
2021-10-01,28437.0,27937.0,28504.0,27670.0,20130000.0
2021-09-30,27770.0,27436.0,27937.0,27436.0,8540000.0
2021-09-29,27636.0,26902.0,27703.0,26902.0,10940000.0
2021-09-28,27169.0,26368.0,27169.0,26101.0,7340000.0
2021-09-27,26702.0,27837.0,27837.0,26702.0,8350000.0
2021-09-24,27770.0,27837.0,28104.0,27570.0,12300000.0
2021-09-23,27737.0,27002.0,28037.0,26435.0,24260000.0
2021-09-22,26769.0,26902.0,26902.0,26235.0,5630000.0
2021-09-21,26702.0,26435.0,26969.0,26368.0,8930000.0
2021-09-20,26769.0,27369.0,27903.0,26368.0,12070000.0
2021-09-17,27236.0,25901.0,27236.0,25767.0,15980000.0
2021-09-16,25801.0,25700.0,26235.0,25500.0,7060000.0
2021-09-15,25534.0,25033.0,25700.0,24699.0,9390000.0
2021-09-14,25100.0,25100.0,25634.0,25066.0,8270000.0
2021-09-13,25433.0,25033.0,25834.0,24899.0,9410000.0
2021-09-10,24966.0,25367.0,25700.0,24966.0,10570000.0
2021-09-09,25233.0,24098.0,25300.0,23932.0,16910000.0
2021-09-08,24098.0,24365.0,24666.0,24032.0,8740000.0
2021-09-07,24299.0,23297.0,24365.0,23231.0,15280000.0
2021-09-06,23231.0,23264.0,23498.0,22930.0,6540000.0
2021-09-01,22830.0,22697.0,23030.0,22630.0,3180000.0
2021-08-31,22763.0,23164.0,23364.0,22697.0,2580000.0
2021-08-30,23130.0,22897.0,23264.0,22663.0,2990000.0
2021-08-27,22697.0,22463.0,23197.0,22329.0,3220000.0
2021-08-26,22763.0,23364.0,23464.0,22763.0,4660000.0
2021-08-25,23297.0,22730.0,23297.0,22430.0,4140000.0
2021-08-24,22730.0,22530.0,22830.0,22430.0,4210000.0
2021-08-23,22563.0,23097.0,23498.0,22563.0,6730000.0
2021-08-20,23364.0,24499.0,24499.0,22830.0,8700000.0
2021-08-19,24499.0,24733.0,24766.0,24332.0,4320000.0
2021-08-18,24866.0,24899.0,25100.0,24699.0,3990000.0
2021-08-17,24933.0,25267.0,25267.0,24699.0,6510000.0
2021-08-16,24766.0,24299.0,24866.0,24032.0,9190000.0
2021-08-13,24299.0,23765.0,24365.0,23765.0,4690000.0
2021-08-12,24299.0,24632.0,24766.0,24299.0,4190000.000000001
2021-08-11,24699.0,24165.0,25033.0,23898.0,18310000.0
2021-08-10,24032.0,24165.0,24165.0,23631.0,4610000.0
2021-08-09,23965.0,23564.0,23965.0,23331.0,4900000.0
2021-08-06,23698.0,24098.0,24232.0,23664.0,5220000.0
2021-08-05,23965.0,23698.0,23965.0,23431.0,6590000.0
2021-08-04,23431.0,23164.0,23831.0,23130.0,12720000.0
2021-08-03,23064.0,23030.0,23264.0,22763.0,5290000.0
2021-08-02,22997.0,23164.0,23431.0,22997.0,8900000.0
2021-07-30,23364.0,23364.0,23564.0,23164.0,7370000.0
2021-07-29,23164.0,22930.0,23364.0,22930.0,10020000.0
2021-07-28,22830.0,22630.0,23164.0,22563.0,7630000.0
2021-07-27,22763.0,22296.0,22897.0,22163.0,12800000.0
2021-07-26,21962.0,21695.0,22329.0,21662.0,9560000.0
2021-07-23,22029.0,22229.0,22530.0,22029.0,8500000.0
2021-07-22,22596.0,22096.0,22596.0,21829.0,8340000.0
2021-07-21,22096.0,22163.0,22363.0,21962.0,7760000.0
2021-07-20,22029.0,21228.0,22029.0,20961.0,10330000.0
2021-07-19,21061.0,22163.0,22163.0,21061.0,7020000.0
2021-07-16,22630.0,22897.0,22964.0,22563.0,2610000.0
2021-07-15,22496.0,22029.0,22997.0,21762.0,4420000.0
2021-07-14,22029.0,23164.0,23364.0,21962.0,7040000.0
2021-07-13,23231.0,23698.0,23798.0,22697.0,4410000.0
2021-07-12,23397.0,24699.0,24699.0,22997.0,10200000.0
2021-07-09,24699.0,24966.0,25634.0,24032.0,6420000.0
2021-07-08,25200.0,25000.0,25968.0,24833.0,7800000.0
2021-07-07,25033.0,24632.0,25233.0,23765.0,7700000.0
2021-07-06,24399.0,26235.0,26368.0,24399.0,10830000.0
2021-07-05,26235.0,25400.0,26235.0,25267.0,11320000.0
2021-07-02,25200.0,25100.0,25300.0,24833.0,6870000.0
2021-07-01,24833.0,24566.0,24833.0,24132.0,7350000.0
2021-06-30,24532.0,24833.0,24966.0,24499.0,3820000.0
2021-06-29,24899.0,25367.0,25367.0,24632.0,6600000.0
2021-06-28,25133.0,24232.0,25133.0,23898.0,14960000.0
2021-06-25,23965.0,23798.0,23965.0,23531.0,3750000.0
2021-06-24,23798.0,24032.0,24098.0,23664.0,3880000.0
2021-06-23,23865.0,23965.0,24065.0,23731.0,3520000.0
2021-06-22,23664.0,23531.0,24032.0,23498.0,4950000.0
2021-06-21,23531.0,23932.0,24098.0,23498.0,4970000.0
2021-06-18,23698.0,23898.0,23998.0,23664.0,3690000.0
2021-06-17,23631.0,23364.0,24032.0,23164.0,5340000.0
2021-06-16,23765.0,23698.0,24432.0,23364.0,8090000.0
2021-06-15,24032.0,24232.0,24365.0,23698.0,4900000.0
2021-06-14,24232.0,24699.0,24699.0,23898.0,4440000.0
2021-06-11,24432.0,23698.0,24699.0,23531.0,7600000.0
2021-06-10,23531.0,24365.0,24632.0,23531.0,4430000.0
2021-06-09,23965.0,23364.0,24299.0,22697.0,7910000.0
2021-06-08,23364.0,24699.0,25033.0,23097.0,6890000.0
2021-06-07,24833.0,25367.0,25901.0,24365.0,6910000.0
2021-06-04,26034.0,25367.0,27303.0,25033.0,6480000.0
2021-06-03,25534.0,25000.0,25567.0,24833.0,7210000.0
2021-06-02,24833.0,24699.0,25133.0,24432.0,6830000.0
2021-06-01,25233.0,25767.0,25767.0,25000.0,8160000.0
2021-05-31,25000.0,24098.0,25033.0,24098.0,5190000.0
2021-05-28,24098.0,23431.0,24098.0,23264.0,8990000.0
2021-05-27,23431.0,23898.0,24032.0,23030.0,10250000.0
2021-05-26,23998.0,23464.0,24032.0,23431.0,10690000.0
2021-05-25,23431.0,22430.0,23598.0,22396.0,8140000.000000001
2021-05-24,22263.0,22029.0,22363.0,21762.0,9990000.0
2021-05-21,22029.0,22029.0,22363.0,21795.0,8380000.000000001
2021-05-20,22029.0,22029.0,22396.0,21929.0,8470000.0
2021-05-19,21962.0,21428.0,21962.0,21428.0,8170000.0
2021-05-18,21428.0,21762.0,21762.0,21094.0,8950000.0
2021-05-17,21762.0,21428.0,21962.0,21428.0,9250000.0
2021-05-14,21328.0,21228.0,21495.0,21028.0,9820000.0
2021-05-13,21028.0,21361.0,21695.0,21028.0,10880000.0
2021-05-12,21328.0,20560.0,21328.0,20427.0,10360000.0
2021-05-11,20694.0,21361.0,21495.0,20694.0,12700000.0
2021-05-10,20761.0,19426.0,20761.0,19359.0,19070000.0
2021-05-07,19426.0,18625.0,19726.0,18625.0,15780000.0
2021-05-06,18791.0,18992.0,19292.0,18758.0,5040000.0
2021-05-05,19125.0,18825.0,19225.0,18725.0,7370000.0
2021-05-04,18691.0,17990.0,18691.0,17957.0,5680000.0
2021-04-29,18291.0,18324.0,18558.0,18157.0,8130000.000000001
2021-04-28,18191.0,18024.0,18324.0,17957.0,3250000.0
2021-04-27,18090.0,18124.0,18324.0,17957.0,2650000.0
2021-04-26,18124.0,18691.0,18691.0,18090.0,3330000.0
2021-04-23,18691.0,18357.0,18691.0,17890.0,5370000.0
2021-04-22,18024.0,18558.0,18992.0,18024.0,6110000.0
2021-04-20,18558.0,18992.0,19058.0,18458.0,6170000.0
2021-04-19,18892.0,18691.0,18892.0,18291.0,5770000.0
2021-04-16,18491.0,18958.0,19025.0,18324.0,12630000.0
2021-04-15,19225.0,19793.0,19826.0,19225.0,8000000.0
2021-04-14,19793.0,19659.0,19859.0,19359.0,5690000.0
2021-04-13,19759.0,19592.0,20494.0,19559.0,18060000.0
2021-04-12,19459.0,19426.0,19459.0,19225.0,10000000.0
2021-04-09,19225.0,19325.0,19359.0,19092.0,3830000.0
2021-04-08,21407.4,21481.5,21592.6,21259.3,5710000.0
2021-04-07,21333.3,20851.9,21629.6,20814.8,11840000.0
2021-04-06,20851.9,21000.0,21037.0,20740.7,7690000.0
2021-04-05,21037.0,21222.2,21259.3,20925.9,4680000.0
2021-04-02,20963.0,21111.1,21333.3,20888.9,4320000.0
2021-04-01,20740.7,20629.6,20851.9,20555.6,5580000.0
2021-03-31,20629.6,20592.6,20777.8,20481.5,2930000.0
2021-03-30,20592.6,20370.4,20592.6,20296.3,3530000.0
2021-03-29,20296.3,20074.1,20296.3,19888.9,2920000.0
2021-03-26,19777.8,19814.8,19925.9,19037.0,6810000.0
2021-03-25,19925.9,20148.2,20333.3,19814.8,7050000.0
2021-03-24,19963.0,20592.6,20888.9,19925.9,9000000.0
2021-03-23,20963.0,21259.3,21407.4,20740.7,5910000.0
2021-03-22,21333.3,21407.4,21629.6,21259.3,4690000.0
2021-03-19,21407.4,21481.5,21666.7,21222.2,9380000.0
2021-03-18,21481.5,21481.5,21629.6,21259.3,7810000.0
2021-03-17,21259.3,21037.0,21333.3,20925.9,4940000.0
2021-03-16,21111.1,21333.3,21407.4,20888.9,4070000.000000001
2021-03-15,21259.3,21259.3,21481.5,21222.2,6210000.0
2021-03-12,21185.2,21222.2,21592.6,21148.2,7860000.0
2021-03-11,21185.2,21296.3,21370.4,21111.1,6760000.0
2021-03-10,21074.1,21074.1,21222.2,20740.7,3470000.0
2021-03-09,21037.0,20888.9,21333.3,20592.6,4550000.0
2021-03-08,21111.1,21333.3,21629.6,21037.0,6340000.0
2021-03-05,21111.1,20888.9,21481.5,20518.5,8330000.0
2021-03-04,21222.2,22074.1,22148.2,21111.1,5440000.0
2021-03-03,22037.0,22148.2,22963.0,22000.0,7950000.0
2021-03-02,22037.0,21111.1,22185.2,20851.9,23210000.0
2021-03-01,20740.7,20740.7,20888.9,20592.6,4960000.0
2021-02-26,20407.4,20000.0,20518.5,19925.9,1900000.0
2021-02-25,20259.3,20370.4,20370.4,20000.0,2350000.0
2021-02-24,20296.3,20740.7,20814.8,19851.9,2580000.0
2021-02-23,20703.7,20777.8,20814.8,20444.5,4000000.0
2021-02-22,20666.7,20703.7,21185.2,20555.6,5380000.0
2021-02-19,20518.5,20518.5,20666.7,20370.4,2390000.0
2021-02-18,20629.6,20592.6,20629.6,20296.3,2000000.0
2021-02-17,20518.5,20000.0,20518.5,19925.9,2310000.0
2021-02-09,19888.9,19555.6,20000.0,19185.2,2060000.0
2021-02-08,19407.4,19777.8,19925.9,18518.5,2880000.0
2021-02-05,19777.8,19407.4,20111.1,19407.4,1510000.0
2021-02-04,19629.6,19925.9,19925.9,18888.9,1510000.0
2021-02-03,19851.9,19111.1,20037.0,18963.0,2560000.0
2021-02-02,18740.7,18037.0,18888.9,17777.8,2220000.0
2021-02-01,18037.0,18814.8,19222.2,17740.7,1860000.0
2021-01-29,18481.5,16296.3,18481.5,16296.3,5100000.0
2021-01-28,17296.3,17296.3,18000.0,17296.3,6200000.0
2021-01-27,18592.6,19259.3,19703.7,18444.5,3830000.0
2021-01-26,19777.8,20148.2,20222.2,19259.3,3660000.0
2021-01-25,20222.2,20518.5,20555.6,20148.2,2680000.0
2021-01-22,20518.5,20963.0,21111.1,20481.5,3710000.0
2021-01-21,21111.1,20740.7,21407.4,20444.5,4320000.0
2021-01-20,20666.7,20740.7,20963.0,19259.3,4940000.0
2021-01-19,20703.7,21481.5,21666.7,19851.9,6630000.0
2021-01-18,21333.3,21851.9,21851.9,21259.3,5970000.0
2021-01-15,21259.3,20740.7,21777.8,20666.7,11540000.0
2021-01-14,20481.5,20444.5,20592.6,20185.2,2970000.0
2021-01-13,20444.5,20740.7,20888.9,20407.4,6220000.0
2021-01-12,20740.7,21000.0,21000.0,20222.2,3430000.0
2021-01-11,20888.9,21111.1,21296.3,20740.7,4180000.0
2021-01-08,21111.1,21111.1,21296.3,20814.8,5540000.0
2021-01-07,21000.0,20740.7,21259.3,20592.6,5230000.0
2021-01-06,20740.7,20703.7,21259.3,20444.5,5060000.0
2021-01-05,20555.6,20666.7,20888.9,20444.5,3670000.0
2021-01-04,20592.6,20481.5,20666.7,20148.2,5020000.0
2020-12-31,19851.9,19851.9,19963.0,19518.5,2410000.0
2020-12-30,19666.7,19629.6,20000.0,19481.5,2580000.0
2020-12-29,19629.6,19629.6,19925.9,19481.5,2110000.0
2020-12-28,19925.9,20370.4,20666.7,19592.6,2920000.0
2020-12-25,20111.1,18963.0,20222.2,18592.6,5870000.0
2020-12-24,19259.3,19407.4,19703.7,18259.3,3760000.0
2020-12-23,19629.6,20296.3,20740.7,19259.3,3470000.0
2020-12-22,20444.5,19925.9,20963.0,19925.9,4890000.0
2020-12-21,19703.7,19111.1,19703.7,19037.0,5700000.0
2020-12-18,18444.5,17740.7,18481.5,17444.5,4690000.0
2020-12-17,17407.4,16888.9,17666.7,16629.6,4130000.0
2020-12-16,16814.8,16555.6,16963.0,16481.5,3530000.0
2020-12-15,16444.5,16629.6,16629.6,16444.5,1450000.0
2020-12-14,16629.6,16555.6,16814.8,16444.5,2580000.0
2020-12-11,16518.5,16407.4,16555.6,16333.3,2410000.0
2020-12-10,16444.5,16666.7,16666.7,16444.5,2670000.0
2020-12-09,16629.6,16333.3,16666.7,16296.3,4790000.0
2020-12-08,16333.3,16370.4,16370.4,16259.3,2650000.0
2020-12-07,16296.3,16222.2,16444.5,16185.2,2400000.0
2020-12-04,16222.2,16074.1,16444.5,15963.0,3400000.0
2020-12-03,16074.1,16185.2,16222.2,16000.0,3340000.0
2020-12-02,16222.2,16481.5,16555.6,16111.1,5680000.0
2020-12-01,16555.6,16296.3,17000.0,16296.3,3600000.0
2020-11-30,16518.5,16444.5,16518.5,15925.9,4130000.0
2020-11-27,15459.9,15065.8,15459.9,15035.5,6240000.0
2020-11-26,15035.5,15156.7,15278.0,14974.9,3290000.0
2020-11-25,15247.7,15459.9,15490.2,15217.4,3230000.0
2020-11-24,15338.6,15096.1,15338.6,14974.9,9860000.0
2020-11-23,14883.9,14944.5,14974.9,14762.7,2980000.0
2020-11-20,14944.5,14974.9,15035.5,14883.9,2330000.0
2020-11-19,14974.9,15035.5,15096.1,14944.5,3160000.0
2020-11-18,15005.2,14974.9,15065.8,14883.9,3400000.0
2020-11-17,14793.0,14793.0,14853.6,14641.4,2800000.0
2020-11-16,14671.7,14853.6,14914.2,14671.7,2670000.0
2020-11-13,14732.4,14762.7,14823.3,14641.4,2520000.0
2020-11-12,14671.7,14671.7,14702.0,14550.5,2070000.0
2020-11-11,14641.4,14671.7,14853.6,14550.5,3110000.0
2020-11-10,14550.5,14974.9,15035.5,14550.5,2650000.0
2020-11-09,14853.6,14277.7,14853.6,14277.7,6050000.0
2020-11-06,14217.0,14186.7,14277.7,14126.1,1520000.0
2020-11-05,14186.7,14338.3,14398.9,14186.7,1990000.0
2020-11-04,14338.3,14247.3,14368.6,14156.4,2970000.0
2020-11-03,14126.1,14065.5,14247.3,13944.2,2600000.0
2020-11-02,14004.8,13883.6,14035.1,13883.6,1770000.0
2020-10-30,13822.9,13883.6,14004.8,13580.4,1510000.0
2020-10-29,13792.6,13519.8,13944.2,13519.8,3220000.0
2020-10-28,13398.6,14277.7,14308.0,13398.6,3280000.0
2020-10-27,14398.9,14489.8,14550.5,14186.7,4440000.0
2020-10-26,14550.5,14944.5,15065.8,14550.5,3220000.0
2020-10-23,14944.5,15278.0,15278.0,14944.5,3590000.0
2020-10-22,15278.0,15156.7,15278.0,14853.6,3340000.0
2020-10-21,15156.7,15550.8,15641.8,15156.7,6650000.0
2020-10-20,15550.8,15520.5,15702.4,15399.3,5500000.0
2020-10-19,15459.9,15187.1,15581.1,15096.1,6080000.0
2020-10-16,15126.4,15005.2,15459.9,14974.9,5970000.0
2020-10-15,15035.5,15187.1,15217.4,15035.5,4840000.0
2020-10-14,15156.7,15126.4,15247.7,15035.5,5400000.0
2020-10-13,15065.8,15035.5,15187.1,14883.9,3190000.0
2020-10-12,15035.5,15217.4,15278.0,15035.5,3340000.0
2020-10-09,15096.1,14914.2,15187.1,14853.6,5740000.0
2020-10-08,14914.2,15096.1,15156.7,14823.3,3160000.0
2020-10-07,15005.2,15126.4,15217.4,14974.9,4530000.0
2020-10-06,15217.4,15217.4,15459.9,15065.8,5790000.0
2020-10-05,15247.7,15156.7,15338.6,15126.4,5890000.0
2020-10-02,15065.8,15096.1,15217.4,14611.1,5510000.0
2020-10-01,14974.9,14247.3,15065.8,14247.3,7270000.0
2020-09-30,14217.0,14247.3,14338.3,14156.4,4690000.0
2020-09-29,14126.1,14429.2,14489.8,14126.1,1850000.0
2020-09-28,14368.6,14247.3,14550.5,14247.3,1660000.0
2020-09-25,14247.3,14429.2,14459.5,14247.3,2390000.0
2020-09-24,14429.2,14368.6,14489.8,14338.3,2360000.0
2020-09-23,14368.6,14489.8,14671.7,14368.6,2700000.0
2020-09-22,14489.8,14308.0,14853.6,14308.0,4720000.0
2020-09-21,14368.6,14550.5,14580.8,14338.3,2380000.0
2020-09-18,14398.9,13913.9,14520.2,13853.3,4690000.0
2020-09-17,13913.9,13913.9,13974.5,13853.3,2190000.0
2020-09-16,13913.9,13944.2,13974.5,13853.3,2160000.0
2020-09-15,13913.9,13944.2,14004.8,13853.3,2110000.0
2020-09-14,13974.5,14065.5,14126.1,13944.2,1710000.0
2020-09-11,14035.1,14065.5,14065.5,13944.2,1890000.0
2020-09-10,14095.8,13974.5,14126.1,13944.2,2400000.0
2020-09-09,13944.2,13822.9,13974.5,13732.0,2200000.0
2020-09-08,13913.9,13822.9,14004.8,13822.9,1810000.0
2020-09-07,13822.9,14035.1,14186.7,13822.9,2300000.0
2020-09-04,14035.1,14126.1,14186.7,13944.2,624100.0
2020-09-03,14277.7,14186.7,14308.0,13944.2,618770.0
2020-09-01,14186.7,13762.3,14368.6,13701.7,933360.0
2020-08-31,13641.1,13580.4,13701.7,13519.8,354020.0
2020-08-28,13519.8,13580.4,13580.4,13428.9,440370.0
2020-08-27,13519.8,13580.4,13580.4,13337.9,211970.0
2020-08-26,13519.8,13641.1,13641.1,13519.8,247550.0
2020-08-25,13610.8,13580.4,13610.8,13459.2,464730.0
2020-08-24,13580.4,13701.7,13792.6,13519.8,754400.0
2020-08-21,13337.9,13095.4,13398.6,13095.4,361850.0
2020-08-20,12974.2,12671.0,12974.2,12671.0,248060.0
2020-08-19,12822.6,12913.5,12913.5,12671.0,41500.0
2020-08-18,12792.3,12913.5,12913.5,12640.7,116880.0
2020-08-17,12762.0,12610.4,12792.3,12610.4,51260.0
2020-08-14,12762.0,12792.3,12974.2,12762.0,43200.0
2020-08-13,12943.9,12913.5,12943.9,12822.6,21200.0
2020-08-12,12792.3,12792.3,12852.9,12731.7,68700.0
2020-08-11,12792.3,12792.3,12792.3,12671.0,62680.0
2020-08-10,12731.7,12671.0,12792.3,12671.0,104900.0
2020-08-07,12671.0,12852.9,12852.9,12610.4,36780.0
2020-08-06,12731.7,12731.7,12731.7,12580.1,85700.0
2020-08-05,12731.7,13034.8,13034.8,12610.4,43540.0
2020-08-04,12671.0,12731.7,13034.8,12519.5,124050.0
2020-08-03,12519.5,12549.8,12549.8,12489.2,38430.0
2020-07-31,12489.2,12004.1,12489.2,12004.1,58040.0
2020-07-30,12428.5,12125.4,12428.5,12125.4,27830.0
2020-07-29,12307.3,12246.6,12428.5,11943.5,107590.0
2020-07-28,12640.7,11822.3,12640.7,11822.3,348760.0
2020-07-27,11822.3,11761.6,12367.9,11761.6,167050.0
2020-07-24,12549.8,12852.9,13216.7,12428.5,255810.0
2020-07-23,12974.2,13095.4,13095.4,12731.7,110990.0
2020-07-22,13034.8,13216.7,13216.7,12792.3,97910.0
2020-07-21,13034.8,13247.0,13247.0,12943.9,118180.0
2020-07-20,13247.0,13337.9,13337.9,13247.0,50720.0
2020-07-17,13337.9,13247.0,13398.6,13247.0,104130.0
2020-07-16,13398.6,13125.7,13459.2,13004.5,192040.0
2020-07-15,13125.7,13186.4,13247.0,13095.4,37570.0
2020-07-14,13156.1,13216.7,13216.7,13004.5,56790.0
2020-07-13,13216.7,13216.7,13580.4,13034.8,137020.0
2020-07-10,13156.1,13034.8,13307.6,13034.8,111470.0
2020-07-09,13307.6,13034.8,13519.8,13034.8,354560.0
2020-07-08,12974.2,12701.4,13156.1,12701.4,130680.0
2020-07-07,12701.4,12731.7,12913.5,12701.4,140800.0
2020-07-06,12671.0,12580.1,12671.0,12519.5,90920.0
2020-07-03,12489.2,12610.4,12610.4,12489.2,37490.0
2020-07-02,12610.4,12428.5,12640.7,12428.5,55160.0
2020-07-01,12640.7,12489.2,12671.0,12428.5,37950.0
2020-06-30,12489.2,12640.7,12640.7,12489.2,58420.0
2020-06-29,12640.7,12731.7,12731.7,12307.3,149260.0
2020-06-26,12822.6,12549.8,12822.6,12549.8,98550.0
2020-06-25,12731.7,12640.7,12792.3,12489.2,123720.0
2020-06-24,12883.2,12671.0,12913.5,12671.0,245070.0
2020-06-23,12913.5,12974.2,12974.2,12580.1,239320.0
2020-06-22,12701.4,12731.7,12913.5,12428.5,202010.0
2020-06-19,12731.7,12549.8,12731.7,12398.2,135420.0
2020-06-18,12519.5,12367.9,12549.8,12367.9,33220.0
2020-06-17,12458.8,12731.7,12731.7,12458.8,32490.000000000004
2020-06-16,12731.7,12307.3,12731.7,12307.3,111930.0
2020-06-15,12307.3,12731.7,12731.7,12307.3,136330.0
2020-06-12,12731.7,11701.0,12731.7,11701.0,246310.0
2020-06-11,12489.2,13337.9,13428.9,12489.2,208670.0
2020-06-10,13337.9,13125.7,13337.9,13125.7,209030.0
2020-06-09,13125.7,13216.7,13216.7,13034.8,70580.0
2020-06-08,13216.7,13156.1,13337.9,13156.1,219360.0
2020-06-05,13307.6,13277.3,13398.6,13216.7,533720.0
2020-06-04,13337.9,13337.9,13398.6,13277.3,516650.0
2020-06-03,13307.6,12731.7,13398.6,12731.7,901560.0
2020-06-02,12731.7,12913.5,13034.8,12731.7,207040.0
2020-06-01,12913.5,12610.4,12974.2,12610.4,248140.0
2020-05-29,12519.5,12489.2,12610.4,12428.5,203410.0
2020-05-28,12519.5,12731.7,13004.5,12489.2,145530.0
2020-05-27,12671.0,12974.2,13034.8,12671.0,123590.0
2020-05-26,12792.3,12731.7,12792.3,12549.8,392650.0
2020-05-25,12731.7,12731.7,12913.5,12610.4,128570.0
2020-05-22,12731.7,13307.6,13337.9,12731.7,274910.0
2020-05-21,13216.7,13277.3,13337.9,13095.4,266430.0
2020-05-20,13307.6,13337.9,13337.9,13095.4,224950.0
2020-05-19,13337.9,13277.3,13398.6,13034.8,512760.0
2020-05-18,13034.8,12731.7,13216.7,12671.0,168590.0
2020-05-15,13247.0,12792.3,13247.0,12610.4,558350.0
2020-05-14,13247.0,13641.1,13641.1,13004.5,1080000.0
2020-05-13,13004.5,12186.0,13004.5,12034.5,572060.0
2020-05-12,12155.7,11397.9,12155.7,11246.3,582940.0
2020-05-11,11367.6,10973.5,11519.1,10973.5,227010.0
2020-05-08,10973.5,11034.1,11216.0,10943.2,277370.0
2020-05-07,10973.5,11034.1,11034.1,10882.5,141410.0
2020-05-06,10882.5,10731.0,10912.9,10670.3,168160.0
2020-05-05,10670.3,10670.3,10670.3,10549.1,55670.0
2020-05-04,10549.1,10427.8,10640.0,10427.8,123180.0
2020-04-29,10549.1,10609.7,10700.7,10427.8,145220.0
2020-04-28,10609.7,10731.0,10731.0,10427.8,57090.0
2020-04-27,10609.7,10731.0,10791.6,10549.1,48100.0
2020-04-24,10731.0,10943.2,10943.2,10731.0,56540.0
2020-04-23,10731.0,11034.1,11034.1,10609.7,52250.0
2020-04-22,10731.0,10306.6,10731.0,10306.6,54760.0
2020-04-21,10427.8,11064.4,11064.4,10367.2,257480.00000000003
2020-04-20,11094.7,11216.0,11337.2,11094.7,208620.0
2020-04-17,11216.0,10973.5,11276.6,10973.5,223530.0
2020-04-16,11003.8,11094.7,11094.7,10791.6,121580.0
2020-04-15,11094.7,10518.8,11094.7,10518.8,325600.0
2020-04-14,10518.8,10609.7,10640.0,10427.8,197450.0
2020-04-13,10549.1,10518.8,10609.7,10427.8,337230.0
2020-04-10,10427.8,10549.1,10549.1,10306.6,142960.0
2020-04-09,10549.1,10579.4,10670.3,10427.8,276990.0
2020-04-08,10367.2,10003.5,10518.8,10003.5,86280.0
2020-04-07,10609.7,10609.7,10609.7,10246.0,330410.0
2020-04-06,10579.4,10306.6,10609.7,10155.0,652370.0
2020-04-03,10155.0,9821.6,10246.0,9821.6,167300.0
2020-04-01,9821.6,9670.0,10609.7,9670.0,472920.0
2020-03-31,10397.5,11155.4,11155.4,10397.5,201910.0
2020-03-30,11155.4,11216.0,11822.3,11155.4,274330.0
2020-03-27,11973.8,12004.1,12428.5,11973.8,163000.0
2020-03-26,12428.5,13277.3,13277.3,12428.5,193790.0
2020-03-25,13277.3,13065.1,13307.6,13065.1,411980.0
2020-03-24,13307.6,13034.8,13307.6,12731.7,2330000.0
2020-03-23,12913.5,13277.3,13277.3,12428.5,1260000.0
2020-03-20,13277.3,12640.7,13277.3,12640.7,1760000.0
2020-03-19,12913.5,12883.2,12913.5,12610.4,830390.0
2020-03-18,12913.5,12731.7,12913.5,12640.7,920550.0
2020-03-17,12731.7,12307.3,12731.7,11913.2,444720.0
2020-03-16,12398.2,11913.2,12398.2,11913.2,930110.0
2020-03-13,11913.2,11458.5,12367.9,11458.5,464500.0
2020-03-12,12307.3,12307.3,12367.9,11852.6,1010000.0
2020-03-11,12731.7,12731.7,12731.7,11943.5,254210.0
2020-03-10,12731.7,11731.3,12731.7,11731.3,399710.0
2020-03-09,12428.5,12428.5,12731.7,12428.5,723740.0
2020-03-06,13337.9,13277.3,13337.9,13125.7,384580.0
2020-03-05,13337.9,13519.8,13519.8,13277.3,512350.0
2020-03-04,13277.3,13186.4,13428.9,12943.9,1110000.0
2020-03-03,12974.2,13034.8,13186.4,12943.9,419500.0
2020-03-02,12943.9,13004.5,13034.8,12792.3,163690.0
2020-02-28,12974.2,12913.5,13004.5,12731.7,258150.0
2020-02-27,13004.5,12580.1,13156.1,12428.5,447180.0
2020-02-26,12580.1,12671.0,12671.0,12428.5,69130.0
2020-02-25,12701.4,11943.5,12701.4,11943.5,44980.0
2020-02-24,12277.0,12428.5,12731.7,12277.0,266370.0
2020-02-21,12913.5,12943.9,13004.5,12852.9,148940.0
2020-02-20,12974.2,12974.2,13004.5,12943.9,240030.0
2020-02-19,12913.5,13156.1,13156.1,12913.5,205820.0
2020-02-18,13216.7,13216.7,13247.0,13034.8,183090.0
2020-02-17,13216.7,13277.3,13307.6,13034.8,341880.0
2020-02-14,13216.7,12762.0,13277.3,12762.0,486380.0
2020-02-13,12762.0,12762.0,12852.9,12701.4,187620.0
2020-02-12,12762.0,12731.7,12852.9,12731.7,148650.0
2020-02-11,12731.7,12671.0,12762.0,12610.4,71170.0
2020-02-10,12671.0,12792.3,12792.3,12549.8,118510.0
2020-02-07,12610.4,12762.0,12943.9,12610.4,129360.0
2020-02-06,12974.2,12762.0,13034.8,12671.0,127750.0
2020-02-05,12792.3,12640.7,12792.3,12640.7,47030.0
2020-02-04,12731.7,12731.7,12762.0,12428.5,24080.0
2020-02-03,12580.1,11882.9,12580.1,11822.3,285700.0
2020-01-31,12671.0,12792.3,12974.2,12125.4,147610.0
2020-01-30,12974.2,12883.2,12974.2,12792.3,169890.0
2020-01-22,13034.8,12852.9,13065.1,12852.9,74340.0
2020-01-21,13034.8,12671.0,13095.4,12671.0,202750.0
2020-01-20,13034.8,13065.1,13186.4,12155.7,128660.0
2020-01-17,13065.1,13428.9,13428.9,13065.1,62400.0
2020-01-16,13277.3,13186.4,13398.6,13186.4,632310.0
2020-01-15,13186.4,13156.1,13186.4,12792.3,76450.0
2020-01-14,13156.1,13065.1,13156.1,13065.1,373170.0
2020-01-13,13065.1,13034.8,13125.7,12974.2,162400.0
2020-01-10,13034.8,12792.3,13065.1,12792.3,220990.0
2020-01-09,12792.3,12671.0,12913.5,12671.0,313060.0
2020-01-08,12671.0,12852.9,12852.9,12671.0,169690.0
2020-01-07,12852.9,12822.6,12883.2,12762.0,107310.0
2020-01-06,12822.6,12974.2,12974.2,12731.7,185790.0
2020-01-03,13034.8,12913.5,13216.7,12913.5,163570.0
2020-01-02,12913.5,12792.3,13580.4,12731.7,214620.0
2019-12-31,12762.0,12822.6,12822.6,12731.7,77260.0
2019-12-30,12792.3,12792.3,12792.3,12731.7,122670.0
2019-12-27,12792.3,12883.2,12883.2,12762.0,79850.0
2019-12-26,12822.6,12792.3,12822.6,12731.7,265510.0
2019-12-25,12731.7,12701.4,12792.3,12701.4,374820.0
2019-12-24,12762.0,12731.7,12762.0,12701.4,135600.0
2019-12-23,12731.7,12731.7,12762.0,12701.4,373650.0
2019-12-20,12731.7,12671.0,12731.7,12671.0,344630.0
2019-12-19,12610.4,12731.7,12731.7,12610.4,633150.0
2019-12-18,12610.4,12610.4,12731.7,12580.1,393980.0
2019-12-17,12731.7,12731.7,12731.7,12610.4,236780.0
2019-12-16,12731.7,12731.7,12731.7,12610.4,97600.0
2019-12-13,12731.7,12671.0,12731.7,12610.4,159430.0
2019-12-12,12731.7,12792.3,12792.3,12610.4,239150.0
2019-12-11,12731.7,12852.9,12913.5,12610.4,273760.0
2019-12-10,12852.9,13034.8,13034.8,12610.4,150280.0
2019-12-09,13034.8,13156.1,13156.1,12671.0,151880.0
2019-12-06,13156.1,13156.1,13186.4,13095.4,136440.0
2019-12-05,13216.7,13277.3,13277.3,13156.1,190180.0
2019-12-04,13277.3,13034.8,13398.6,13034.8,225080.0
2019-12-03,13186.4,13247.0,13247.0,13095.4,378130.0
2019-12-02,13247.0,13277.3,13277.3,13156.1,309710.0
2019-11-29,13277.3,13216.7,13277.3,13065.1,187770.0
2019-11-28,13216.7,13216.7,13247.0,13034.8,160420.0
2019-11-27,13277.3,13277.3,13277.3,13216.7,279050.0
2019-11-26,13277.3,13216.7,13307.6,13095.4,288580.0
2019-11-25,13216.7,13216.7,13337.9,13034.8,177150.0
2019-11-22,13216.7,13459.2,13519.8,13216.7,479920.0
2019-11-21,13519.8,13519.8,13519.8,13337.9,360300.0
2019-11-20,13519.8,13550.1,13550.1,13398.6,372140.0
2019-11-19,13550.1,13459.2,13550.1,13337.9,418020.0
2019-11-18,13459.2,13550.1,13550.1,13307.6,662250.0
2019-11-15,13489.5,13610.8,13610.8,13459.2,537780.0
2019-11-14,13610.8,13671.4,13671.4,13519.8,567900.0
2019-11-13,13671.4,13701.7,13701.7,13519.8,297260.0
2019-11-12,13701.7,13762.3,13762.3,13641.1,269150.0
2019-11-11,13701.7,13792.6,13792.6,13641.1,208270.0
2019-11-08,13701.7,13610.8,13701.7,13580.4,803030.0
2019-11-07,13641.1,13641.1,13671.4,13580.4,374970.0
2019-11-06,13641.1,13641.1,13641.1,13580.4,102880.0
2019-11-05,13671.4,13580.4,13732.0,13550.1,511440.0
2019-11-04,13580.4,13519.8,13610.8,13489.5,108860.0
2019-11-01,13610.8,13610.8,13641.1,13489.5,295990.0
2019-10-31,13610.8,13641.1,13641.1,13489.5,143830.0
2019-10-30,13641.1,13550.1,13671.4,13428.9,215050.0
2019-10-29,13550.1,13489.5,13550.1,13459.2,214390.0
2019-10-28,13489.5,13580.4,13580.4,13489.5,215980.0
2019-10-25,13580.4,13641.1,13641.1,13489.5,142690.0
2019-10-24,13641.1,13580.4,13641.1,13459.2,487310.0
2019-10-23,13580.4,13519.8,13580.4,13428.9,433370.0
2019-10-22,13550.1,13641.1,13701.7,13550.1,324410.0
2019-10-21,13762.3,13762.3,13762.3,13580.4,160080.0
2019-10-18,13762.3,13732.0,13822.9,13610.8,402890.0
2019-10-17,13762.3,13550.1,13883.6,13550.1,2090000.0
2019-10-16,13580.4,13580.4,13610.8,13519.8,245340.0
2019-10-15,13580.4,13580.4,13580.4,13489.5,296090.0
2019-10-14,13610.8,13580.4,13610.8,13459.2,908720.0
2019-10-11,13580.4,13580.4,13580.4,13428.9,227900.0
2019-10-10,13580.4,13610.8,13610.8,13459.2,348260.0
2019-10-09,13580.4,13580.4,13580.4,13519.8,149210.0
2019-10-08,13519.8,13519.8,13519.8,13398.6,159600.0
2019-10-07,13519.8,13580.4,13641.1,13459.2,459070.0
2019-10-04,13580.4,13580.4,13580.4,13459.2,473520.0
2019-10-03,13580.4,13641.1,13641.1,13519.8,231780.0
2019-10-02,13641.1,13580.4,13671.4,13550.1,398950.0
2019-10-01,13641.1,13580.4,13671.4,13459.2,814080.0
2019-09-30,13580.4,13459.2,13610.8,13459.2,253570.0
2019-09-27,13580.4,13641.1,13641.1,13428.9,178670.0
2019-09-26,13641.1,13519.8,13671.4,13337.9,614640.0
2019-09-25,13519.8,13519.8,13580.4,13337.9,230900.0
2019-09-24,13519.8,13428.9,13519.8,13125.7,646330.0
2019-09-23,13459.2,13550.1,13550.1,13216.7,756580.0
2019-09-20,13550.1,13762.3,13762.3,13307.6,1960000.0
2019-09-19,13762.3,13641.1,13762.3,13550.1,621870.0
2019-09-18,13641.1,13580.4,13641.1,13519.8,209540.0
2019-09-17,13641.1,13641.1,13641.1,13519.8,235010.0
2019-09-16,13641.1,13641.1,13822.9,13550.1,106090.0
2019-09-13,13641.1,13398.6,13701.7,13277.3,420560.0
2019-09-12,13459.2,13398.6,13580.4,13216.7,131460.0
2019-09-11,13398.6,13307.6,13398.6,13034.8,168920.0
2019-09-10,13307.6,13277.3,13459.2,12731.7,538670.0
2019-09-09,13428.9,13580.4,13580.4,13307.6,526660.0
2019-09-06,13580.4,13580.4,13671.4,13337.9,562420.0
2019-09-05,13580.4,13822.9,13822.9,13459.2,361820.0
2019-09-04,13762.3,13550.1,13762.3,12883.2,388840.0
2019-09-03,13762.3,14095.8,14095.8,13762.3,448740.0
2019-08-30,14095.8,14035.1,14126.1,14035.1,999370.0
2019-08-29,13944.2,13883.6,13944.2,13822.9,722020.0
2019-08-28,13792.6,13701.7,13822.9,13701.7,197470.0
2019-08-27,13732.0,13641.1,13822.9,13641.1,335940.0
2019-08-26,13671.4,13641.1,13671.4,13610.8,87440.0
2019-08-23,13701.7,13489.5,13762.3,13489.5,228000.0
2019-08-22,13610.8,13580.4,13610.8,13489.5,247450.0
2019-08-21,13580.4,13550.1,13580.4,13368.2,467610.0
2019-08-20,13550.1,13580.4,13580.4,13459.2,294850.0
2019-08-19,13580.4,13580.4,13671.4,13428.9,228450.0
2019-08-16,13610.8,13580.4,13610.8,13428.9,221390.0
2019-08-15,13580.4,13519.8,13580.4,13428.9,225020.0
2019-08-14,13610.8,13701.7,13701.7,13459.2,357280.0
2019-08-13,13701.7,13641.1,13732.0,13337.9,726670.0
2019-08-12,13701.7,13822.9,13822.9,13580.4,121580.0
2019-08-09,13701.7,13671.4,13762.3,13519.8,512160.0
2019-08-08,13671.4,13641.1,13671.4,13428.9,316720.0
2019-08-07,13641.1,13641.1,13701.7,13519.8,170470.0
2019-08-06,13641.1,13641.1,13641.1,13337.9,244450.0
2019-08-05,13641.1,13398.6,13944.2,13337.9,358540.0
2019-08-02,13428.9,13610.8,13610.8,13277.3,805750.0
2019-08-01,13641.1,13822.9,13822.9,13610.8,311000.0
2019-07-31,13822.9,13853.3,13853.3,13641.1,254570.0
2019-07-30,13822.9,13883.6,13883.6,13732.0,186470.0
2019-07-29,13883.6,13913.9,13913.9,13822.9,290710.0
2019-07-26,13913.9,13913.9,13944.2,13822.9,743330.0
2019-07-25,13944.2,13944.2,13974.5,13822.9,599850.0
2019-07-24,13974.5,14065.5,14065.5,13822.9,344150.0
2019-07-23,14004.8,14095.8,14095.8,13853.3,357380.0
2019-07-22,13944.2,13792.6,13944.2,13732.0,491480.0
2019-07-19,13822.9,14065.5,14126.1,13822.9,898400.0
2019-07-18,14065.5,14186.7,14186.7,14004.8,162670.0
2019-07-17,14186.7,14247.3,14247.3,14065.5,859110.0
2019-07-16,14126.1,14065.5,14247.3,14065.5,2140000.0
2019-07-15,13974.5,13883.6,13974.5,13853.3,855890.0
2019-07-12,13883.6,13944.2,13944.2,13822.9,375580.0
2019-07-11,13913.9,13944.2,13974.5,13883.6,639780.0
2019-07-10,13944.2,14004.8,14004.8,13883.6,618270.0
2019-07-09,13944.2,13944.2,14004.8,13883.6,670610.0
2019-07-08,13944.2,14065.5,14065.5,13822.9,603390.0
2019-07-05,14004.8,14126.1,14126.1,13944.2,585860.0
2019-07-04,14065.5,14065.5,14095.8,13974.5,1560000.0
2019-07-03,14004.8,14095.8,14095.8,13913.9,1140000.0
2019-07-02,13944.2,14065.5,14065.5,13883.6,697940.0
2019-07-01,13883.6,13853.3,13974.5,13822.9,494900.0
2019-06-28,13853.3,13913.9,13913.9,13641.1,572400.0
2019-06-27,13762.3,13762.3,13822.9,13671.4,576260.0
2019-06-26,13762.3,13913.9,13913.9,13641.1,1010000.0
2019-06-25,13883.6,13913.9,13944.2,13580.4,1260000.0
2019-06-24,13913.9,14308.0,14308.0,13913.9,817590.0
2019-06-21,14308.0,14429.2,14429.2,14126.1,826510.0
2019-06-20,14308.0,14308.0,14338.3,14065.5,1140000.0
2019-06-19,14186.7,14004.8,14429.2,14004.8,497620.0
2019-06-18,14277.7,14186.7,15156.7,14186.7,1300000.0
2019-06-17,14853.6,15096.1,15096.1,14550.5,986430.0
2019-06-14,15096.1,15399.3,15399.3,14974.9,4510000.0
2019-06-13,15399.3,15096.1,15399.3,14732.4,5020000.0
2019-06-12,15278.0,15278.0,15308.3,15035.5,2210000.0
2019-06-11,15459.9,14762.7,15459.9,14641.4,2040000.0
2019-06-10,14762.7,14671.7,14823.3,14550.5,1520000.0
2019-06-07,14611.1,14520.2,14611.1,14429.2,1280000.0
2019-06-06,14489.8,14550.5,14550.5,14247.3,760290.0
2019-06-05,14489.8,14429.2,14489.8,14398.9,961110.0
2019-06-04,14429.2,14489.8,14520.2,14247.3,858580.0
2019-06-03,14429.2,14489.8,14489.8,14247.3,1110000.0
2019-05-31,14489.8,14580.8,14580.8,14459.5,1640000.0
2019-05-30,14580.8,14611.1,14671.7,14550.5,1670000.0
2019-05-29,14580.8,14398.9,14641.4,14398.9,1330000.0
2019-05-28,14398.9,14520.2,14550.5,14398.9,1560000.0
2019-05-27,14429.2,14308.0,14489.8,14308.0,1720000.0
2019-05-24,14308.0,14247.3,14429.2,14186.7,1000000.0
2019-05-23,14308.0,14489.8,14489.8,14247.3,890760.0
2019-05-22,14489.8,14580.8,14671.7,14429.2,900410.0
2019-05-21,14489.8,14489.8,14520.2,14398.9,967180.0
2019-05-20,14459.5,14459.5,14520.2,14338.3,925030.0
2019-05-17,14429.2,14156.4,14429.2,14126.1,1630000.0
2019-05-16,14126.1,14095.8,14126.1,13974.5,2640000.0
2019-05-15,14035.1,13944.2,14035.1,13883.6,3610000.0
2019-05-14,13944.2,13822.9,13944.2,13762.3,2190000.0
2019-05-13,13883.6,13701.7,14065.5,13701.7,2520000.0
2019-05-10,13641.1,13247.0,13641.1,13095.4,4250000.0
2019-05-09,13034.8,13034.8,13216.7,13004.5,2830000.0
2019-05-08,12974.2,12943.9,13034.8,12943.9,896380.0
2019-05-07,13034.8,12913.5,13156.1,12913.5,2790000.0
2019-05-06,12913.5,12852.9,12974.2,12671.0,536380.0
2019-05-03,12913.5,12943.9,13004.5,12822.6,1880000.0
2019-05-02,12943.9,12943.9,13004.5,12913.5,1450000.0
2019-04-26,12943.9,12852.9,13034.8,12852.9,1730000.0
2019-04-25,12852.9,13034.8,13034.8,12852.9,845910.0
2019-04-24,13004.5,13186.4,13216.7,13004.5,1620000.0
2019-04-23,13156.1,13337.9,13337.9,13004.5,1740000.0
2019-04-22,13186.4,13519.8,13519.8,13095.4,1340000.0
2019-04-19,13398.6,13307.6,13944.2,13156.1,1230000.0
2019-04-18,13247.0,13428.9,13489.5,13216.7,1200000.0
2019-04-17,13398.6,13459.2,13459.2,13277.3,913540.0
2019-04-16,13459.2,13550.1,13610.8,13307.6,579820.0
2019-04-12,13610.8,13822.9,13822.9,13519.8,337440.0
2019-04-11,13641.1,13428.9,13641.1,13398.6,1430000.0
2019-04-10,13428.9,13641.1,13671.4,13247.0,1100000.0
2019-04-09,13701.7,13913.9,13913.9,13701.7,2640000.0
2019-04-08,13822.9,13792.6,13913.9,13732.0,1490000.0
2019-04-05,13762.3,13822.9,14065.5,13762.3,1110000.0
2019-04-04,13792.6,13732.0,13822.9,13610.8,1370000.0
2019-04-03,13701.7,13519.8,13762.3,13459.2,1970000.0
2019-04-02,13489.5,13701.7,13762.3,13459.2,1200000.0
2019-04-01,13701.7,12913.5,13762.3,12822.6,1310000.0
2019-03-29,12883.2,12913.5,12943.9,12883.2,829370.0
2019-03-28,12852.9,12762.0,12883.2,12701.4,833180.0
2019-03-27,12731.7,12701.4,12822.6,12640.7,530330.0
2019-03-26,12671.0,12671.0,12913.5,12671.0,556090.0
2019-03-25,12671.0,12822.6,12822.6,12549.8,776020.0
2019-03-22,12852.9,12852.9,12883.2,12792.3,562010.0
2019-03-21,12822.6,12913.5,12913.5,12671.0,832900.0
2019-03-20,12852.9,12883.2,12913.5,12701.4,1140000.0
2019-03-19,12883.2,12913.5,12943.9,12822.6,1270000.0
2019-03-18,12883.2,12731.7,12913.5,12731.7,1550000.0
2019-03-15,12731.7,12883.2,12943.9,12731.7,574320.0
2019-03-14,12913.5,12943.9,12943.9,12731.7,461690.0
2019-03-13,12913.5,12943.9,12974.2,12852.9,905410.0
2019-03-12,12852.9,12610.4,12852.9,12610.4,1100000.0
2019-03-11,12610.4,12610.4,12671.0,12519.5,98240.0
2019-03-08,12640.7,12701.4,12701.4,12580.1,219490.0
2019-03-07,12731.7,12731.7,12883.2,12701.4,470530.0
2019-03-06,12671.0,12701.4,12762.0,12610.4,308970.0
2019-03-05,12671.0,12852.9,12883.2,12610.4,1020000.0
2019-03-04,12852.9,12701.4,13095.4,12640.7,1020000.0
2019-03-01,12701.4,12580.1,12701.4,12549.8,764050.0
2019-02-28,12580.1,12701.4,12731.7,12519.5,871340.0
2019-02-27,12701.4,12731.7,12731.7,12549.8,965380.0
2019-02-26,12731.7,12883.2,12883.2,12610.4,760210.0
2019-02-25,12883.2,12762.0,13095.4,12762.0,546700.0
2019-02-22,12731.7,12640.7,12822.6,12580.1,574200.0
2019-02-21,12610.4,12822.6,12852.9,12580.1,783780.0
2019-02-20,12792.3,12852.9,12852.9,12610.4,576950.0
2019-02-19,12792.3,12913.5,12913.5,12731.7,462960.0
2019-02-18,12883.2,12943.9,12943.9,12762.0,456930.0
2019-02-15,12852.9,12943.9,12974.2,12731.7,885550.0
2019-02-14,12913.5,12974.2,12974.2,12822.6,541920.0
2019-02-13,12943.9,12943.9,13004.5,12852.9,508390.0
2019-02-12,12913.5,12913.5,13004.5,12883.2,639600.0
2019-02-11,12883.2,12852.9,12883.2,12762.0,541210.0
2019-02-01,12701.4,12671.0,12731.7,12610.4,219970.0
2019-01-31,12610.4,12731.7,12792.3,12610.4,320060.0
2019-01-30,12671.0,12731.7,12731.7,12640.7,316280.0
2019-01-29,12549.8,12762.0,12792.3,12519.5,457140.0
2019-01-28,12762.0,12883.2,12883.2,12731.7,378330.0
2019-01-25,12822.6,12913.5,12943.9,12822.6,595920.0
2019-01-24,12883.2,12792.3,13034.8,12731.7,448550.0
2019-01-23,13216.7,12671.0,13216.7,12549.8,1570000.0
2019-01-22,12731.7,12913.5,12913.5,12610.4,357300.0
2019-01-21,12731.7,12640.7,13034.8,12610.4,476880.0
2019-01-18,12610.4,12549.8,12883.2,12549.8,225030.0
2019-01-17,12549.8,12731.7,12731.7,12519.5,170580.0
2019-01-16,12610.4,12822.6,12883.2,12610.4,199630.0
2019-01-15,12792.3,13065.1,13065.1,12549.8,729910.0
2019-01-14,13368.2,12731.7,13368.2,11822.3,438270.0
2019-01-11,12671.0,12731.7,12731.7,12610.4,651810.0
2019-01-10,12640.7,12489.2,12762.0,12489.2,785510.0
2019-01-09,12489.2,12125.4,12549.8,12064.8,1300000.0
2019-01-08,11943.5,12004.1,12186.0,11852.6,239000.0
2019-01-07,11913.2,12186.0,12277.0,11791.9,166110.0
2019-01-04,11791.9,11822.3,11822.3,11337.2,269430.0
2019-01-03,11822.3,12064.8,12307.3,11731.3,144820.0
2019-01-02,12095.1,12307.3,12307.3,11822.3,168010.0
2018-12-28,12095.1,12125.4,12307.3,11882.9,267640.0
2018-12-27,12095.1,12428.5,12428.5,12095.1,302520.0
2018-12-26,11882.9,11701.0,12064.8,11701.0,362500.0
2018-12-25,11701.0,12125.4,12125.4,11519.1,338580.0
2018-12-24,12155.7,12246.6,12246.6,12125.4,290050.0
2018-12-21,12186.0,12246.6,12337.6,12155.7,435680.0
2018-12-20,12307.3,12307.3,12398.2,12277.0,319000.0
2018-12-19,12125.4,12489.2,12549.8,12125.4,451860.0
2018-12-18,12186.0,12489.2,12489.2,12186.0,671500.0
2018-12-17,12580.1,12792.3,12792.3,12428.5,389550.0
2018-12-14,12822.6,12974.2,13004.5,12792.3,534450.0
2018-12-13,12883.2,13034.8,13095.4,12883.2,368150.0
2018-12-12,12883.2,12822.6,12974.2,12822.6,351210.0
2018-12-11,12822.6,13004.5,13004.5,12792.3,530060.0
2018-12-10,13034.8,13277.3,13277.3,13004.5,737330.0
2018-12-07,13307.6,13337.9,13337.9,12974.2,1430000.0
2018-12-06,12540.4,12540.4,12682.4,12445.8,1220000.0
2018-12-05,12493.1,12303.8,12540.4,12232.8,971190.0
2018-12-04,12303.8,12516.7,12540.4,12303.8,649760.0
2018-12-03,12516.7,12256.5,12540.4,12067.2,1000000.0
2018-11-30,11901.6,12161.8,12161.8,11806.9,810650.0
2018-11-29,12019.9,12209.2,12209.2,11996.2,501750.0
2018-11-28,12019.9,12256.5,12256.5,11830.6,662560.0
2018-11-27,12256.5,12493.1,12516.7,12161.8,662160.0
2018-11-26,12516.7,12540.4,12753.4,12516.7,1270000.0
2018-11-23,13013.6,13297.6,13297.6,12966.3,2230000.0
2018-11-22,13297.6,13013.6,13297.6,12729.7,2670000.0
2018-11-21,12729.7,12398.4,12777.0,12280.1,650430.0
2018-11-20,12398.4,12422.1,12422.1,12351.1,605250.0
2018-11-19,12398.4,12303.8,12398.4,12303.8,700750.0
2018-11-16,12280.1,12114.5,12303.8,12114.5,532810.0
2018-11-15,12090.8,12090.8,12114.5,12019.9,494250.0
2018-11-14,12067.2,12043.5,12114.5,12043.5,381740.0
2018-11-13,12043.5,12067.2,12067.2,11948.9,437360.0
2018-11-12,12090.8,11877.9,12090.8,11806.9,496430.0
2018-11-09,11877.9,11972.5,12114.5,11830.6,1190000.0
2018-11-08,11972.5,11830.6,12019.9,11664.9,1340000.0
2018-11-07,11830.6,11712.3,11877.9,11712.3,539830.0
2018-11-06,11712.3,11712.3,11783.3,11688.6,524640.0
2018-11-05,11712.3,11594.0,11735.9,11570.3,1020000.0
2018-11-02,11357.4,12209.2,12327.5,11357.4,1080000.0
2018-11-01,12185.5,12540.4,12540.4,12161.8,602970.0
2018-10-31,12232.8,12067.2,12232.8,12067.2,651530.0
2018-10-30,11830.6,11759.6,11925.2,11759.6,778390.0
2018-10-29,11759.6,11759.6,11783.3,11664.9,458660.0
2018-10-26,11759.6,11664.9,11830.6,11664.9,569710.0
2018-10-25,11594.0,11570.3,11617.6,11428.3,528100.0
2018-10-24,11617.6,11570.3,11664.9,11546.6,668230.0
2018-10-23,11546.6,11664.9,11664.9,11523.0,667250.0
2018-10-22,11641.3,11570.3,11877.9,11570.3,816610.0
2018-10-19,11570.3,11546.6,11594.0,11452.0,651260.0
2018-10-18,11570.3,11617.6,11712.3,11546.6,589950.0
2018-10-17,11594.0,11452.0,11830.6,11452.0,679490.0
2018-10-16,11428.3,11381.0,11475.7,11357.4,694830.0
2018-10-15,11357.4,11877.9,11901.6,11073.4,711190.0
2018-10-12,11901.6,11759.6,11972.5,11759.6,795610.0
2018-10-11,11783.3,11830.6,12303.8,11783.3,1060000.0
2018-10-10,12635.1,12635.1,12682.4,12587.7,1180000.0
2018-10-09,12635.1,12493.1,12658.7,12445.8,2250000.0
2018-10-08,12611.4,12800.7,12800.7,12540.4,1240000.0
2018-10-05,12777.0,12824.3,12848.0,12706.0,1460000.0
2018-10-04,12777.0,12445.8,12871.7,12445.8,1940000.0
2018-10-03,12445.8,12398.4,12469.4,12374.8,1040000.0
2018-10-02,12374.8,12398.4,12540.4,12280.1,977780.0
2018-10-01,12398.4,12398.4,12469.4,12374.8,707890.0
2018-09-28,12398.4,12303.8,12398.4,12256.5,796850.0
2018-09-27,12303.8,12303.8,12398.4,12280.1,502070.0
2018-09-26,12303.8,12303.8,12564.1,12209.2,593310.0
2018-09-25,12280.1,12422.1,12422.1,12232.8,745100.0
2018-09-24,12422.1,12445.8,12493.1,12398.4,379950.0
2018-09-21,12422.1,12422.1,12493.1,12398.4,969920.0
2018-09-20,12422.1,12422.1,12516.7,12398.4,954410.0
2018-09-19,12398.4,12374.8,12422.1,12303.8,852410.0
2018-09-18,12351.1,12351.1,12351.1,12090.8,721250.0
2018-09-17,12351.1,12398.4,12398.4,12303.8,627210.0
2018-09-14,12398.4,12398.4,12445.8,12374.8,625980.0
2018-09-13,12398.4,12374.8,12422.1,12351.1,579680.0
2018-09-12,12351.1,12351.1,12469.4,12303.8,657850.0
2018-09-11,12351.1,12469.4,12493.1,12351.1,646630.0
2018-09-10,12469.4,12516.7,12564.1,12422.1,623470.0
2018-09-07,12469.4,12185.5,12469.4,12161.8,706280.0
2018-09-06,11664.9,12493.1,12682.4,11664.9,664590.0
2018-09-05,12540.4,12658.7,12706.0,12540.4,607260.0
2018-09-04,12682.4,12706.0,12753.4,12658.7,581020.0
2018-08-31,12729.7,12800.7,12895.3,12729.7,728490.0
2018-08-30,12800.7,12777.0,12824.3,12682.4,815980.0
2018-08-29,12800.7,12729.7,12824.3,12682.4,746560.0
2018-08-28,12729.7,12587.7,12753.4,12587.7,777180.0
2018-08-27,12635.1,12587.7,12635.1,12587.7,555510.0
2018-08-24,12564.1,12564.1,12564.1,12493.1,673570.0
2018-08-23,12540.4,12398.4,12635.1,12398.4,793960.0
2018-08-22,12469.4,12422.1,12611.4,12351.1,920540.0
2018-08-21,12422.1,12303.8,12422.1,12303.8,659330.0
2018-08-20,12303.8,12303.8,12445.8,12303.8,602650.0
2018-08-17,12422.1,12445.8,12777.0,12327.5,554540.0
2018-08-16,12327.5,12114.5,12351.1,12114.5,496590.0
2018-08-15,12185.5,12303.8,12422.1,12161.8,612080.0
2018-08-14,12303.8,12445.8,12493.1,12303.8,660750.0
2018-08-13,12303.8,12114.5,12327.5,11996.2,711820.0
2018-08-10,12090.8,12043.5,12161.8,11877.9,701800.0
2018-08-09,12019.9,11594.0,12161.8,11594.0,974610.0
2018-08-08,11546.6,11381.0,11617.6,11381.0,475840.0
2018-08-07,11381.0,11333.7,11404.7,11333.7,202780.0
2018-08-06,11310.0,11664.9,11830.6,11262.7,636760.0
2018-08-03,11664.9,11357.4,11830.6,11357.4,423310.0
2018-08-02,11688.6,11806.9,11830.6,11357.4,397320.0
2018-08-01,11830.6,11996.2,12090.8,11830.6,284350.0
2018-07-31,12067.2,11854.2,12114.5,11854.2,278240.0
2018-07-30,12114.5,12256.5,12587.7,11877.9,459970.0
2018-07-27,12587.7,12540.4,12682.4,12469.4,220260.0
2018-07-26,12540.4,12493.1,12682.4,12469.4,155780.0
2018-07-25,12493.1,12587.7,12706.0,11830.6,209010.0
2018-07-24,12635.1,12777.0,12800.7,11830.6,166260.0
2018-07-23,12706.0,12753.4,12753.4,12635.1,138940.0
2018-07-20,12729.7,12777.0,12777.0,12682.4,54080.0
2018-07-19,12729.7,12753.4,12777.0,12635.1,116540.0
2018-07-18,12777.0,12706.0,12824.3,12611.4,523600.0
2018-07-17,12682.4,12777.0,12800.7,12682.4,333420.0
2018-07-16,12777.0,12777.0,12777.0,12540.4,457370.0
2018-07-13,12824.3,12848.0,12895.3,12729.7,641880.0
2018-07-12,12658.7,12635.1,12682.4,12564.1,293540.0
2018-07-11,12682.4,12871.7,12871.7,12587.7,174190.0
2018-07-10,12871.7,12777.0,12871.7,12729.7,589020.0
2018-07-09,12777.0,12777.0,12777.0,11759.6,478650.0
2018-07-06,12635.1,11972.5,12635.1,11972.5,727180.0
2018-07-05,11972.5,12256.5,12469.4,11972.5,1650000.0
2018-07-04,12043.5,12351.1,12398.4,11735.9,599780.0
2018-07-03,12351.1,12777.0,12800.7,12280.1,385080.0
2018-07-02,12777.0,13013.6,13061.0,12753.4,156290.0
2018-06-29,13013.6,13013.6,13013.6,12729.7,495730.0
2018-06-28,12777.0,13084.6,13084.6,12777.0,93760.0
2018-06-27,13084.6,13108.3,13155.6,12777.0,89510.0
2018-06-26,13155.6,12398.4,13202.9,12398.4,214360.0
2018-06-25,13155.6,13037.3,13250.2,13013.6,433180.0
2018-06-22,13013.6,12919.0,13013.6,12919.0,243690.0
2018-06-21,12966.3,13061.0,13202.9,12777.0,92260.0
2018-06-20,12966.3,12824.3,13013.6,12824.3,1370000.0
2018-06-19,12824.3,12587.7,12966.3,11901.6,1370000.0
2018-06-18,12777.0,13155.6,13155.6,12777.0,94010.0
2018-06-15,13155.6,13321.2,13321.2,13131.9,55490.0
2018-06-14,13250.2,13344.9,13344.9,13131.9,48580.0
2018-06-13,13344.9,13344.9,13392.2,13250.2,234960.0
2018-06-12,13344.9,13486.9,13486.9,13155.6,89130.0
2018-06-11,13486.9,13676.1,13676.1,13344.9,81800.0
2018-06-08,13557.8,13676.1,13723.5,13486.9,2460000.0
2018-06-07,13676.1,13723.5,13723.5,13581.5,1430000.0
2018-06-06,13676.1,13818.1,13865.4,13628.8,1790000.0
2018-06-05,13912.8,14007.4,14007.4,13676.1,970370.0
2018-06-04,13960.1,13297.6,14102.0,13226.6,819280.0
2018-06-01,13250.2,13534.2,13534.2,13250.2,212480.0
2018-05-31,13250.2,13534.2,13557.8,13250.2,607220.0
2018-05-30,13581.5,13605.2,13699.8,13439.5,362370.0
2018-05-29,13628.8,13013.6,13652.5,13013.6,1250000.0
2018-05-28,12824.3,13628.8,13676.1,12824.3,416380.0
2018-05-25,13723.5,13865.4,13912.8,13699.8,650830.0
2018-05-24,13865.4,13889.1,13936.4,13770.8,775300.0
2018-05-23,13912.8,13865.4,13936.4,13676.1,1070000.0
2018-05-22,13865.4,13983.7,14078.4,13534.2,876120.0
2018-05-21,13983.7,14078.4,14078.4,13936.4,717420.0
2018-05-18,14054.7,13912.8,14102.0,13794.5,984630.0
2018-05-17,13960.1,14007.4,14102.0,13865.4,815070.0
2018-05-16,13960.1,14102.0,14125.7,13818.1,1110000.0
2018-05-15,14102.0,13960.1,14125.7,13628.8,990340.0
2018-05-14,13960.1,14102.0,14102.0,13628.8,534460.0
2018-05-11,14102.0,13960.1,14102.0,13534.2,1530000.0
2018-05-10,13960.1,14196.7,14196.7,13723.5,390920.0
2018-05-09,14196.7,14244.0,14244.0,14007.4,779610.0
2018-05-08,14244.0,14669.9,14669.9,14102.0,1180000.0
2018-05-07,14196.7,14149.4,14196.7,13818.1,570130.0
2018-05-04,14102.0,14409.6,14409.6,13960.1,565480.0
2018-05-03,14102.0,14102.0,14102.0,13723.5,861450.0
2018-05-02,14102.0,14622.6,14622.6,14054.7,990950.0
2018-04-27,14291.3,14173.0,14291.3,13889.1,1660000.0
2018-04-26,14054.7,14527.9,14622.6,13960.1,1310000.0
2018-04-24,14575.3,14338.7,14669.9,13581.5,2290000.0
2018-04-23,14575.3,15379.7,15427.1,14338.7,1940000.0
2018-04-20,15379.7,15521.7,15521.7,15095.8,4160000.0
